1,2024-11-12 06:54:22,999,0,10.4,2.3,-12.4,0.0,0.0,testidataa kantaan
2,2024-11-12 06:54:43,999,0,12.4,-4.3,5.4,0.0,0.0,testidataa kantaan
3,2024-11-13 13:23:33,999,0,2.0,1999.0,1669.0,1662.0,0.0,0
4,2024-11-13 13:23:35,999,0,2.0,1999.0,1673.0,1671.0,0.0,0
5,2024-11-13 13:23:37,999,0,2.0,1999.0,1671.0,1663.0,0.0,0
6,2024-11-13 13:23:39,999,0,2.0,2004.0,1672.0,1676.0,0.0,0
7,2024-11-13 13:23:41,999,0,2.0,2001.0,1672.0,1662.0,0.0,0
8,2024-11-13 13:23:43,999,0,2.0,2001.0,1678.0,1660.0,0.0,0
9,2024-11-13 13:23:45,999,0,2.0,1996.0,1676.0,1659.0,0.0,0
10,2024-11-13 13:23:47,999,0,2.0,2002.0,1671.0,1666.0,0.0,0
11,2024-11-13 17:33:01,19,0,23.4,45.6,67.8,89.1,12.3,34.5
12,2024-11-13 17:33:06,19,0,23.4,45.6,67.8,89.1,12.3,34.5
13,2024-11-14 11:11:17,19,0,23.4,45.6,67.8,89.1,12.3,34.5
14,2024-11-14 12:26:29,0,0,1518.0,1408.0,1813.0,0.0,0.0,0
15,2024-11-14 12:26:29,0,0,1508.0,1408.0,1809.0,0.0,0.0,0
16,2024-11-14 12:26:30,0,0,1507.0,1413.0,1811.0,0.0,0.0,0
17,2024-11-14 12:26:30,0,0,1506.0,1409.0,1816.0,0.0,0.0,0
18,2024-11-14 12:26:31,0,0,1506.0,1415.0,1809.0,0.0,0.0,0
19,2024-11-14 12:26:31,0,0,1507.0,1408.0,1809.0,0.0,0.0,0
20,2024-11-14 12:26:32,0,0,1506.0,1411.0,1813.0,0.0,0.0,0
21,2024-11-14 12:26:32,0,0,1509.0,1411.0,1816.0,0.0,0.0,0
22,2024-11-14 12:26:33,0,0,1507.0,1407.0,1817.0,0.0,0.0,0
23,2024-11-14 12:26:33,0,0,1509.0,1413.0,1821.0,0.0,0.0,0
24,2024-11-14 12:26:34,0,0,1508.0,1413.0,1811.0,0.0,0.0,0
25,2024-11-14 12:26:34,0,0,1509.0,1413.0,1814.0,0.0,0.0,0
26,2024-11-14 12:26:35,0,0,1508.0,1408.0,1817.0,0.0,0.0,0
27,2024-11-14 12:26:35,0,0,1509.0,1410.0,1819.0,0.0,0.0,0
28,2024-11-14 12:26:36,0,0,1511.0,1416.0,1806.0,0.0,0.0,0
29,2024-11-14 12:26:36,0,0,1503.0,1414.0,1808.0,0.0,0.0,0
30,2024-11-14 12:26:37,0,0,1508.0,1412.0,1809.0,0.0,0.0,0
31,2024-11-14 12:26:37,0,0,1511.0,1413.0,1809.0,0.0,0.0,0
32,2024-11-14 12:26:38,0,0,1503.0,1414.0,1811.0,0.0,0.0,0
33,2024-11-14 12:26:38,0,0,1507.0,1413.0,1813.0,0.0,0.0,0
34,2024-11-14 12:26:39,0,0,1503.0,1414.0,1814.0,0.0,0.0,0
35,2024-11-14 12:26:39,0,0,1508.0,1418.0,1813.0,0.0,0.0,0
36,2024-11-14 12:26:40,0,0,1510.0,1415.0,1814.0,0.0,0.0,0
37,2024-11-14 12:26:40,0,0,1503.0,1409.0,1812.0,0.0,0.0,0
38,2024-11-14 12:26:41,0,0,1505.0,1414.0,1809.0,0.0,0.0,0
39,2024-11-14 12:30:54,16,0,1510.0,1405.0,1812.0,0.0,0.0,0
40,2024-11-14 12:30:54,16,0,1503.0,1413.0,1818.0,0.0,0.0,0
41,2024-11-14 12:30:54,16,0,1511.0,1416.0,1814.0,0.0,0.0,0
42,2024-11-14 12:30:55,16,0,1509.0,1412.0,1814.0,0.0,0.0,0
43,2024-11-14 12:30:56,16,0,1505.0,1410.0,1804.0,0.0,0.0,0
44,2024-11-14 12:30:56,16,0,1511.0,1413.0,1809.0,0.0,0.0,0
45,2024-11-14 12:30:57,16,0,1507.0,1412.0,1809.0,0.0,0.0,0
46,2024-11-14 12:30:57,16,0,1508.0,1414.0,1813.0,0.0,0.0,0
47,2024-11-14 12:30:58,16,0,1500.0,1405.0,1814.0,0.0,0.0,0
48,2024-11-14 12:45:11,999,0,10.4,2.3,-12.4,0.0,0.0,testidataa r12
49,2024-11-14 13:00:40,22,D7:E2:86:DD:5D:99,42781200.0,0.0,0.0,0.0,0.0,
50,2024-11-14 13:00:40,22,D7:E2:86:DD:5D:99,42613500.0,0.0,0.0,0.0,0.0,
51,2024-11-14 13:00:41,22,D7:E2:86:DD:5D:99,0.0,0.0,0.0,0.0,0.0,
52,2024-11-14 13:00:41,22,D7:E2:86:DD:5D:99,0.0,0.0,0.0,0.0,0.0,
53,2024-11-14 13:00:41,22,D7:E2:86:DD:5D:99,42781200.0,0.0,0.0,0.0,0.0,
54,2024-11-14 13:00:42,22,D7:E2:86:DD:5D:99,42949000.0,0.0,0.0,0.0,0.0,
55,2024-11-14 13:00:42,22,D7:E2:86:DD:5D:99,42613500.0,0.0,0.0,0.0,0.0,
56,2024-11-14 13:00:42,22,D7:E2:86:DD:5D:99,0.0,0.0,0.0,0.0,0.0,
57,2024-11-14 13:00:42,22,D7:E2:86:DD:5D:99,42613500.0,0.0,0.0,0.0,0.0,
58,2024-11-14 13:00:43,22,D7:E2:86:DD:5D:99,0.0,0.0,0.0,0.0,0.0,
59,2024-11-14 13:00:43,22,D7:E2:86:DD:5D:99,42949000.0,0.0,0.0,0.0,0.0,
60,2024-11-14 13:00:43,22,D7:E2:86:DD:5D:99,0.0,0.0,0.0,0.0,0.0,
61,2024-11-14 13:00:44,22,D7:E2:86:DD:5D:99,503316.0,0.0,0.0,0.0,0.0,
62,2024-11-14 13:00:44,22,D7:E2:86:DD:5D:99,42781200.0,0.0,0.0,0.0,0.0,
63,2024-11-14 13:00:44,22,D7:E2:86:DD:5D:99,42781200.0,0.0,0.0,0.0,0.0,
64,2024-11-14 13:00:45,22,D7:E2:86:DD:5D:99,0.0,0.0,0.0,0.0,0.0,
65,2024-11-14 13:00:45,22,D7:E2:86:DD:5D:99,42949000.0,0.0,0.0,0.0,0.0,
66,2024-11-14 13:00:45,22,D7:E2:86:DD:5D:99,42445700.0,0.0,0.0,0.0,0.0,
67,2024-11-14 13:00:45,22,D7:E2:86:DD:5D:99,0.0,0.0,0.0,0.0,0.0,
68,2024-11-14 13:00:46,22,D7:E2:86:DD:5D:99,0.0,0.0,0.0,0.0,0.0,
69,2024-11-14 13:00:46,22,D7:E2:86:DD:5D:99,42445700.0,0.0,0.0,0.0,0.0,
70,2024-11-14 13:00:46,22,D7:E2:86:DD:5D:99,42445700.0,0.0,0.0,0.0,0.0,
71,2024-11-14 13:00:47,22,D7:E2:86:DD:5D:99,0.0,0.0,0.0,0.0,0.0,
72,2024-11-14 13:00:47,22,D7:E2:86:DD:5D:99,0.0,0.0,0.0,0.0,0.0,
73,2024-11-14 13:00:47,22,D7:E2:86:DD:5D:99,42277900.0,0.0,0.0,0.0,0.0,
74,2024-11-14 13:00:47,22,D7:E2:86:DD:5D:99,42949000.0,0.0,0.0,0.0,0.0,
75,2024-11-14 13:00:48,22,D7:E2:86:DD:5D:99,335544.0,0.0,0.0,0.0,0.0,
76,2024-11-14 13:00:48,22,D7:E2:86:DD:5D:99,0.0,0.0,0.0,0.0,0.0,
77,2024-11-14 13:00:48,22,D7:E2:86:DD:5D:99,167772.0,0.0,0.0,0.0,0.0,
78,2024-11-14 13:00:49,22,D7:E2:86:DD:5D:99,42949000.0,0.0,0.0,0.0,0.0,
79,2024-11-14 13:00:49,22,D7:E2:86:DD:5D:99,335544.0,0.0,0.0,0.0,0.0,
80,2024-11-14 13:00:49,22,D7:E2:86:DD:5D:99,0.0,0.0,0.0,0.0,0.0,
81,2024-11-14 13:00:49,22,D7:E2:86:DD:5D:99,42445700.0,0.0,0.0,0.0,0.0,
82,2024-11-14 13:00:50,22,D7:E2:86:DD:5D:99,42949000.0,0.0,0.0,0.0,0.0,
83,2024-11-14 13:00:50,22,D7:E2:86:DD:5D:99,42613500.0,0.0,0.0,0.0,0.0,
84,2024-11-14 13:00:50,22,D7:E2:86:DD:5D:99,0.0,0.0,0.0,0.0,0.0,
85,2024-11-14 13:00:51,22,D7:E2:86:DD:5D:99,42613500.0,0.0,0.0,0.0,0.0,
86,2024-11-14 13:00:51,22,D7:E2:86:DD:5D:99,0.0,0.0,0.0,0.0,0.0,
87,2024-11-14 13:00:51,22,D7:E2:86:DD:5D:99,42277900.0,0.0,0.0,0.0,0.0,
88,2024-11-14 13:00:51,22,D7:E2:86:DD:5D:99,0.0,0.0,0.0,0.0,0.0,
89,2024-11-14 13:00:52,22,D7:E2:86:DD:5D:99,42949000.0,0.0,0.0,0.0,0.0,
90,2024-11-14 13:00:52,22,D7:E2:86:DD:5D:99,503316.0,0.0,0.0,0.0,0.0,
91,2024-11-14 13:00:52,22,D7:E2:86:DD:5D:99,0.0,0.0,0.0,0.0,0.0,
92,2024-11-14 13:00:53,22,D7:E2:86:DD:5D:99,0.0,0.0,0.0,0.0,0.0,
93,2024-11-14 13:00:53,22,D7:E2:86:DD:5D:99,42949000.0,0.0,0.0,0.0,0.0,
94,2024-11-14 13:00:53,22,D7:E2:86:DD:5D:99,0.0,0.0,0.0,0.0,0.0,
95,2024-11-14 13:00:54,22,D7:E2:86:DD:5D:99,42949000.0,0.0,0.0,0.0,0.0,
96,2024-11-14 13:00:54,22,D7:E2:86:DD:5D:99,0.0,0.0,0.0,0.0,0.0,
97,2024-11-14 13:06:00,22,0,42949000.0,0.0,0.0,0.0,0.0,
98,2024-11-14 13:06:01,22,0,42781200.0,0.0,0.0,0.0,0.0,
99,2024-11-14 13:06:01,22,0,42613500.0,0.0,0.0,0.0,0.0,
100,2024-11-14 13:06:01,22,0,0.0,0.0,0.0,0.0,0.0,
101,2024-11-14 13:06:02,22,0,42949000.0,0.0,0.0,0.0,0.0,
102,2024-11-14 13:06:02,22,0,671089.0,0.0,0.0,0.0,0.0,
103,2024-11-14 13:06:02,22,0,42781200.0,0.0,0.0,0.0,0.0,
104,2024-11-14 13:06:03,22,0,0.0,0.0,0.0,0.0,0.0,
105,2024-11-14 13:06:03,22,0,42613500.0,0.0,0.0,0.0,0.0,
106,2024-11-14 13:06:03,22,0,41942400.0,0.0,0.0,0.0,0.0,
107,2024-11-14 13:06:03,22,0,42949000.0,0.0,0.0,0.0,0.0,
108,2024-11-14 13:06:04,22,0,0.0,0.0,0.0,0.0,0.0,
109,2024-11-14 13:06:04,22,0,42949000.0,0.0,0.0,0.0,0.0,
110,2024-11-14 13:06:04,22,0,42110200.0,0.0,0.0,0.0,0.0,
111,2024-11-14 13:06:05,22,0,0.0,0.0,0.0,0.0,0.0,
112,2024-11-14 13:06:05,22,0,0.0,0.0,0.0,0.0,0.0,
113,2024-11-14 13:06:05,22,0,41942400.0,0.0,0.0,0.0,0.0,
114,2024-11-14 13:06:05,22,0,42613500.0,0.0,0.0,0.0,0.0,
115,2024-11-14 13:06:06,22,0,41942400.0,0.0,0.0,0.0,0.0,
116,2024-11-14 13:06:06,22,0,0.0,0.0,0.0,0.0,0.0,
117,2024-11-14 13:06:06,22,0,503316.0,0.0,0.0,0.0,0.0,
118,2024-11-14 13:06:07,22,0,42110200.0,0.0,0.0,0.0,0.0,
119,2024-11-14 13:06:07,22,0,42781200.0,0.0,0.0,0.0,0.0,
120,2024-11-14 13:06:07,22,0,0.0,0.0,0.0,0.0,0.0,
121,2024-11-14 13:06:07,22,0,42781200.0,0.0,0.0,0.0,0.0,
122,2024-11-14 13:06:08,22,0,0.0,0.0,0.0,0.0,0.0,
123,2024-11-14 13:06:08,22,0,503316.0,0.0,0.0,0.0,0.0,
124,2024-11-14 13:06:08,22,0,0.0,0.0,0.0,0.0,0.0,
125,2024-11-14 13:06:09,22,0,42613500.0,0.0,0.0,0.0,0.0,
126,2024-11-14 13:06:09,22,0,41774600.0,0.0,0.0,0.0,0.0,
127,2024-11-14 13:06:09,22,0,42781200.0,0.0,0.0,0.0,0.0,
128,2024-11-14 13:06:09,22,0,0.0,0.0,0.0,0.0,0.0,
129,2024-11-14 13:06:10,22,0,0.0,0.0,0.0,0.0,0.0,
130,2024-11-14 13:06:10,22,0,503316.0,0.0,0.0,0.0,0.0,
131,2024-11-14 13:06:10,22,0,42949000.0,0.0,0.0,0.0,0.0,
132,2024-11-14 13:06:11,22,0,0.0,0.0,0.0,0.0,0.0,
133,2024-11-14 13:06:11,22,0,42445700.0,0.0,0.0,0.0,0.0,
134,2024-11-14 13:06:11,22,0,0.0,0.0,0.0,0.0,0.0,
135,2024-11-14 13:06:11,22,0,0.0,0.0,0.0,0.0,0.0,
136,2024-11-14 13:06:12,22,0,0.0,0.0,0.0,0.0,0.0,
137,2024-11-14 13:06:12,22,0,503316.0,0.0,0.0,0.0,0.0,
138,2024-11-14 13:06:12,22,0,42445700.0,0.0,0.0,0.0,0.0,
139,2024-11-14 13:06:13,22,0,167772.0,0.0,0.0,0.0,0.0,
140,2024-11-14 13:06:13,22,0,0.0,0.0,0.0,0.0,0.0,
141,2024-11-14 13:06:13,22,0,42781200.0,0.0,0.0,0.0,0.0,
142,2024-11-14 13:06:14,22,0,42781200.0,0.0,0.0,0.0,0.0,
143,2024-11-14 13:06:14,22,0,41774600.0,0.0,0.0,0.0,0.0,
144,2024-11-14 13:06:14,22,0,0.0,0.0,0.0,0.0,0.0,
145,2024-11-14 13:06:14,22,0,42949000.0,0.0,0.0,0.0,0.0,
146,2024-11-14 13:06:15,22,0,42277900.0,0.0,0.0,0.0,0.0,
147,2024-11-14 13:06:15,22,0,42277900.0,0.0,0.0,0.0,0.0,
148,2024-11-14 13:06:15,22,0,0.0,0.0,0.0,0.0,0.0,
149,2024-11-14 13:06:16,22,0,42949000.0,0.0,0.0,0.0,0.0,
150,2024-11-14 13:06:16,22,0,167772.0,0.0,0.0,0.0,0.0,
151,2024-11-14 13:06:16,22,0,0.0,0.0,0.0,0.0,0.0,
152,2024-11-14 13:06:16,22,0,0.0,0.0,0.0,0.0,0.0,
153,2024-11-14 13:06:17,22,0,0.0,0.0,0.0,0.0,0.0,
154,2024-11-14 13:06:17,22,0,42781200.0,0.0,0.0,0.0,0.0,
155,2024-11-14 13:06:17,22,0,0.0,0.0,0.0,0.0,0.0,
156,2024-11-14 13:06:18,22,0,167772.0,0.0,0.0,0.0,0.0,
157,2024-11-14 13:06:18,22,0,42445700.0,0.0,0.0,0.0,0.0,
158,2024-11-14 13:06:18,22,0,42781200.0,0.0,0.0,0.0,0.0,
159,2024-11-14 13:06:18,22,0,503316.0,0.0,0.0,0.0,0.0,
160,2024-11-14 13:06:19,22,0,167772.0,0.0,0.0,0.0,0.0,
161,2024-11-14 13:06:19,22,0,41942400.0,0.0,0.0,0.0,0.0,
162,2024-11-14 13:06:19,22,0,0.0,0.0,0.0,0.0,0.0,
163,2024-11-14 13:06:20,22,0,0.0,0.0,0.0,0.0,0.0,
164,2024-11-14 13:06:20,22,0,167772.0,0.0,0.0,0.0,0.0,
165,2024-11-14 13:06:20,22,0,42613500.0,0.0,0.0,0.0,0.0,
166,2024-11-14 13:06:20,22,0,42445700.0,0.0,0.0,0.0,0.0,
167,2024-11-14 13:06:21,22,0,0.0,0.0,0.0,0.0,0.0,
168,2024-11-14 13:06:21,22,0,167772.0,0.0,0.0,0.0,0.0,
169,2024-11-14 13:06:21,22,0,42445700.0,0.0,0.0,0.0,0.0,
170,2024-11-14 13:06:22,22,0,0.0,0.0,0.0,0.0,0.0,
171,2024-11-14 13:06:22,22,0,42277900.0,0.0,0.0,0.0,0.0,
172,2024-11-14 13:06:22,22,0,167772.0,0.0,0.0,0.0,0.0,
173,2024-11-14 13:06:23,22,0,167772.0,0.0,0.0,0.0,0.0,
174,2024-11-14 13:06:23,22,0,42949000.0,0.0,0.0,0.0,0.0,
175,2024-11-14 13:06:23,22,0,41942400.0,0.0,0.0,0.0,0.0,
176,2024-11-14 13:06:23,22,0,167772.0,0.0,0.0,0.0,0.0,
177,2024-11-14 13:06:24,22,0,42949000.0,0.0,0.0,0.0,0.0,
178,2024-11-14 13:06:24,22,0,42949000.0,0.0,0.0,0.0,0.0,
179,2024-11-14 13:06:24,22,0,0.0,0.0,0.0,0.0,0.0,
180,2024-11-14 13:06:25,22,0,167772.0,0.0,0.0,0.0,0.0,
181,2024-11-14 13:06:25,22,0,42277900.0,0.0,0.0,0.0,0.0,
182,2024-11-14 13:06:25,22,0,167772.0,0.0,0.0,0.0,0.0,
183,2024-11-14 13:06:25,22,0,42781200.0,0.0,0.0,0.0,0.0,
184,2024-11-14 13:06:26,22,0,167772.0,0.0,0.0,0.0,0.0,
185,2024-11-14 13:06:26,22,0,42613500.0,0.0,0.0,0.0,0.0,
186,2024-11-14 13:06:26,22,0,0.0,0.0,0.0,0.0,0.0,
187,2024-11-14 18:29:34,23,,1.0,2.0,3.0,4.0,0.0,
188,2024-11-14 18:30:04,23,,1.0,2.0,3.0,4.0,0.0,
189,2024-11-14 18:30:35,23,,1.0,2.0,3.0,4.0,0.0,
190,2024-11-15 01:27:06,23,,1479.0,0.0,0.0,0.0,0.0,
191,2024-11-15 01:28:06,23,,1481.0,0.0,0.0,0.0,0.0,
192,2024-11-15 01:29:37,23,,1482.0,0.0,0.0,0.0,0.0,
193,2024-11-15 01:33:12,23,,0.0,0.0,0.0,0.0,0.0,
194,2024-11-15 01:36:43,23,,1486.0,87.0,1842.0,1482.0,0.0,
195,2024-11-15 01:53:50,23,,1495.0,1222.0,1852.0,1.0,0.0,
196,2024-11-15 01:58:18,23,,1496.0,1157.0,1840.0,1.0,0.0,
197,2024-11-15 02:00:24,23,,1494.0,1139.0,1843.0,5.0,0.0,
198,2024-11-15 10:05:39,22,0,42781200.0,0.0,0.0,0.0,0.0,
199,2024-11-15 10:05:39,22,0,42949000.0,0.0,0.0,0.0,0.0,
200,2024-11-15 10:05:40,22,0,838861.0,0.0,0.0,0.0,0.0,
201,2024-11-15 10:05:40,22,0,0.0,0.0,0.0,0.0,0.0,
202,2024-11-15 10:05:40,22,0,42949000.0,0.0,0.0,0.0,0.0,
203,2024-11-15 10:05:41,22,0,0.0,0.0,0.0,0.0,0.0,
204,2024-11-15 10:05:41,22,0,41774600.0,0.0,0.0,0.0,0.0,
205,2024-11-15 10:05:41,22,0,0.0,0.0,0.0,0.0,0.0,
206,2024-11-15 10:05:42,22,0,0.0,0.0,0.0,0.0,0.0,
207,2024-11-15 10:05:42,22,0,0.0,0.0,0.0,0.0,0.0,
208,2024-11-15 10:05:42,22,0,42277900.0,0.0,0.0,0.0,0.0,
209,2024-11-15 10:05:42,22,0,0.0,0.0,0.0,0.0,0.0,
210,2024-11-15 10:56:50,22,0,335544.0,0.0,0.0,0.0,0.0,
211,2024-11-15 10:56:50,22,0,42781200.0,0.0,0.0,0.0,0.0,
212,2024-11-15 10:56:50,22,0,42277900.0,0.0,0.0,0.0,0.0,
213,2024-11-15 10:56:51,22,0,0.0,0.0,0.0,0.0,0.0,
214,2024-11-15 10:56:51,22,0,42110200.0,0.0,0.0,0.0,0.0,
215,2024-11-15 10:56:51,22,0,42781200.0,0.0,0.0,0.0,0.0,
216,2024-11-15 10:56:52,22,0,167772.0,0.0,0.0,0.0,0.0,
217,2024-11-15 10:56:52,22,0,0.0,0.0,0.0,0.0,0.0,
218,2024-11-15 10:56:52,22,0,42949000.0,0.0,0.0,0.0,0.0,
219,2024-11-15 10:56:52,22,0,41439100.0,0.0,0.0,0.0,0.0,
220,2024-11-15 10:56:53,22,0,42781200.0,0.0,0.0,0.0,0.0,
221,2024-11-15 10:58:01,19,0,40100800.0,0.0,0.0,0.0,0.0,
222,2024-11-15 10:58:01,19,0,35403200.0,0.0,0.0,0.0,0.0,
223,2024-11-15 10:58:02,19,0,4869980.0,0.0,0.0,0.0,0.0,
224,2024-11-15 10:58:02,19,0,41107500.0,0.0,0.0,0.0,0.0,
225,2024-11-15 10:58:02,19,0,34228800.0,0.0,0.0,0.0,0.0,
226,2024-11-15 10:58:02,19,0,4869980.0,0.0,0.0,0.0,0.0,
227,2024-11-15 10:58:03,19,0,40939700.0,0.0,0.0,0.0,0.0,
228,2024-11-15 10:58:03,19,0,34899900.0,0.0,0.0,0.0,0.0,
229,2024-11-15 10:58:03,19,0,4031120.0,0.0,0.0,0.0,0.0,
230,2024-11-15 10:58:04,19,0,41443000.0,0.0,0.0,0.0,0.0,
231,2024-11-15 10:58:04,19,0,34061000.0,0.0,0.0,0.0,0.0,
232,2024-11-15 10:58:04,19,0,3527800.0,0.0,0.0,0.0,0.0,
233,2024-11-15 10:58:05,19,0,39933100.0,0.0,0.0,0.0,0.0,
234,2024-11-15 10:58:05,19,0,35235400.0,0.0,0.0,0.0,0.0,
235,2024-11-15 10:58:05,19,0,4366660.0,0.0,0.0,0.0,0.0,
236,2024-11-15 10:58:05,19,0,40939700.0,0.0,0.0,0.0,0.0,
237,2024-11-15 10:58:06,19,0,34732100.0,0.0,0.0,0.0,0.0,
238,2024-11-15 10:58:06,19,0,4869980.0,0.0,0.0,0.0,0.0,
239,2024-11-15 10:58:06,19,0,40939700.0,0.0,0.0,0.0,0.0,
240,2024-11-15 10:58:07,19,0,34228800.0,0.0,0.0,0.0,0.0,
241,2024-11-15 10:58:07,19,0,3695580.0,0.0,0.0,0.0,0.0,
242,2024-11-15 10:58:07,19,0,40939700.0,0.0,0.0,0.0,0.0,
243,2024-11-15 10:58:07,19,0,34396600.0,0.0,0.0,0.0,0.0,
244,2024-11-15 10:58:08,19,0,3695580.0,0.0,0.0,0.0,0.0,
245,2024-11-15 10:58:08,19,0,41275200.0,0.0,0.0,0.0,0.0,
246,2024-11-15 10:58:08,19,0,33893300.0,0.0,0.0,0.0,0.0,
247,2024-11-15 10:58:09,19,0,4031120.0,0.0,0.0,0.0,0.0,
248,2024-11-15 10:58:09,19,0,40100800.0,0.0,0.0,0.0,0.0,
249,2024-11-15 10:58:09,19,0,34732100.0,0.0,0.0,0.0,0.0,
250,2024-11-15 10:58:10,19,0,4366660.0,0.0,0.0,0.0,0.0,
251,2024-11-15 10:58:10,19,0,41443000.0,0.0,0.0,0.0,0.0,
252,2024-11-15 10:58:10,19,0,34732100.0,0.0,0.0,0.0,0.0,
253,2024-11-15 10:58:10,19,0,4031120.0,0.0,0.0,0.0,0.0,
254,2024-11-15 10:58:11,19,0,41107500.0,0.0,0.0,0.0,0.0,
255,2024-11-15 10:58:11,19,0,34732100.0,0.0,0.0,0.0,0.0,
256,2024-11-15 10:58:11,19,0,5373300.0,0.0,0.0,0.0,0.0,
257,2024-11-15 10:58:12,19,0,40100800.0,0.0,0.0,0.0,0.0,
258,2024-11-15 10:58:12,19,0,33557700.0,0.0,0.0,0.0,0.0,
259,2024-11-15 10:58:12,19,0,4031120.0,0.0,0.0,0.0,0.0,
260,2024-11-15 10:58:12,19,0,40939700.0,0.0,0.0,0.0,0.0,
261,2024-11-15 10:58:13,19,0,34732100.0,0.0,0.0,0.0,0.0,
262,2024-11-15 10:58:13,19,0,4198890.0,0.0,0.0,0.0,0.0,
263,2024-11-15 10:58:13,19,0,41107500.0,0.0,0.0,0.0,0.0,
264,2024-11-15 10:58:14,19,0,33893300.0,0.0,0.0,0.0,0.0,
265,2024-11-15 10:58:14,19,0,3863350.0,0.0,0.0,0.0,0.0,
266,2024-11-15 10:58:15,19,0,34732100.0,0.0,0.0,0.0,0.0,
267,2024-11-15 10:58:15,19,0,4366660.0,0.0,0.0,0.0,0.0,
268,2024-11-15 10:58:15,19,0,40939700.0,0.0,0.0,0.0,0.0,
269,2024-11-15 10:58:15,19,0,34061000.0,0.0,0.0,0.0,0.0,
270,2024-11-15 10:58:16,19,0,3695580.0,0.0,0.0,0.0,0.0,
271,2024-11-15 10:58:16,19,0,40771900.0,0.0,0.0,0.0,0.0,
272,2024-11-15 10:58:16,19,0,34061000.0,0.0,0.0,0.0,0.0,
273,2024-11-15 10:58:17,19,0,4198890.0,0.0,0.0,0.0,0.0,
274,2024-11-15 10:58:17,19,0,41610800.0,0.0,0.0,0.0,0.0,
275,2024-11-15 10:58:17,19,0,35235400.0,0.0,0.0,0.0,0.0,
276,2024-11-15 10:58:17,19,0,4869980.0,0.0,0.0,0.0,0.0,
277,2024-11-15 10:58:18,19,0,40939700.0,0.0,0.0,0.0,0.0,
278,2024-11-15 10:58:18,19,0,3863350.0,0.0,0.0,0.0,0.0,
279,2024-11-15 10:58:19,19,0,41610800.0,0.0,0.0,0.0,0.0,
280,2024-11-15 10:58:19,19,0,34061000.0,0.0,0.0,0.0,0.0,
281,2024-11-15 10:58:19,19,0,4702210.0,0.0,0.0,0.0,0.0,
282,2024-11-15 10:58:20,19,0,41275200.0,0.0,0.0,0.0,0.0,
283,2024-11-15 10:58:20,19,0,34396600.0,0.0,0.0,0.0,0.0,
284,2024-11-15 10:58:20,19,0,3695580.0,0.0,0.0,0.0,0.0,
285,2024-11-15 10:58:20,19,0,40436400.0,0.0,0.0,0.0,0.0,
286,2024-11-15 10:58:21,19,0,33725500.0,0.0,0.0,0.0,0.0,
287,2024-11-15 10:58:21,19,0,4702210.0,0.0,0.0,0.0,0.0,
288,2024-11-15 10:58:21,19,0,39765300.0,0.0,0.0,0.0,0.0,
289,2024-11-15 10:58:22,19,0,34228800.0,0.0,0.0,0.0,0.0,
290,2024-11-15 10:58:22,19,0,3192260.0,0.0,0.0,0.0,0.0,
291,2024-11-15 10:58:22,19,0,40100800.0,0.0,0.0,0.0,0.0,
292,2024-11-15 10:58:22,19,0,35235400.0,0.0,0.0,0.0,0.0,
293,2024-11-15 10:58:23,19,0,4534440.0,0.0,0.0,0.0,0.0,
294,2024-11-15 10:58:23,19,0,41778500.0,0.0,0.0,0.0,0.0,
295,2024-11-15 10:58:23,19,0,34228800.0,0.0,0.0,0.0,0.0,
296,2024-11-15 10:58:24,19,0,3527800.0,0.0,0.0,0.0,0.0,
297,2024-11-15 10:58:24,19,0,40771900.0,0.0,0.0,0.0,0.0,
298,2024-11-15 10:58:24,19,0,34899900.0,0.0,0.0,0.0,0.0,
299,2024-11-15 10:58:25,19,0,40939700.0,0.0,0.0,0.0,0.0,
300,2024-11-15 10:58:25,19,0,34396600.0,0.0,0.0,0.0,0.0,
301,2024-11-15 10:58:25,19,0,4198890.0,0.0,0.0,0.0,0.0,
302,2024-11-15 10:58:26,19,0,41107500.0,0.0,0.0,0.0,0.0,
303,2024-11-15 10:58:26,19,0,34732100.0,0.0,0.0,0.0,0.0,
304,2024-11-15 10:58:27,19,0,40771900.0,0.0,0.0,0.0,0.0,
305,2024-11-15 10:58:27,19,0,34732100.0,0.0,0.0,0.0,0.0,
306,2024-11-15 10:58:27,19,0,4534440.0,0.0,0.0,0.0,0.0,
307,2024-11-15 10:58:28,19,0,40939700.0,0.0,0.0,0.0,0.0,
308,2024-11-15 10:58:28,19,0,34564300.0,0.0,0.0,0.0,0.0,
309,2024-11-15 10:58:28,19,0,4702210.0,0.0,0.0,0.0,0.0,
310,2024-11-15 11:04:42,22,0,0.0,0.0,0.0,0.0,0.0,
311,2024-11-15 11:04:42,22,0,503316.0,0.0,0.0,0.0,0.0,
312,2024-11-15 11:04:43,22,0,167772.0,0.0,0.0,0.0,0.0,
313,2024-11-15 11:04:43,22,0,0.0,0.0,0.0,0.0,0.0,
314,2024-11-15 11:04:43,22,0,42277900.0,0.0,0.0,0.0,0.0,
315,2024-11-15 11:04:43,22,0,42277900.0,0.0,0.0,0.0,0.0,
316,2024-11-15 11:04:44,22,0,167772.0,0.0,0.0,0.0,0.0,
317,2024-11-15 11:04:44,22,0,0.0,0.0,0.0,0.0,0.0,
318,2024-11-15 11:04:44,22,0,42781200.0,0.0,0.0,0.0,0.0,
319,2024-11-15 11:04:45,22,0,42277900.0,0.0,0.0,0.0,0.0,
320,2024-11-15 11:04:45,22,0,335544.0,0.0,0.0,0.0,0.0,
321,2024-11-15 11:04:45,22,0,0.0,0.0,0.0,0.0,0.0,
322,2024-11-15 11:04:46,22,0,42613500.0,0.0,0.0,0.0,0.0,
323,2024-11-15 11:04:46,22,0,167772.0,0.0,0.0,0.0,0.0,
324,2024-11-15 11:04:46,22,0,42949000.0,0.0,0.0,0.0,0.0,
325,2024-11-15 11:04:46,22,0,167772.0,0.0,0.0,0.0,0.0,
326,2024-11-15 11:04:47,22,0,42949000.0,0.0,0.0,0.0,0.0,
327,2024-11-15 11:04:47,22,0,42277900.0,0.0,0.0,0.0,0.0,
328,2024-11-15 11:04:47,22,0,42781200.0,0.0,0.0,0.0,0.0,
329,2024-11-15 11:04:48,22,0,167772.0,0.0,0.0,0.0,0.0,
330,2024-11-15 11:04:48,22,0,42949000.0,0.0,0.0,0.0,0.0,
331,2024-11-15 11:04:48,22,0,42949000.0,0.0,0.0,0.0,0.0,
332,2024-11-15 11:04:48,22,0,0.0,0.0,0.0,0.0,0.0,
333,2024-11-15 11:04:49,22,0,167772.0,0.0,0.0,0.0,0.0,
334,2024-11-15 11:04:49,22,0,0.0,0.0,0.0,0.0,0.0,
335,2024-11-15 11:04:49,22,0,0.0,0.0,0.0,0.0,0.0,
336,2024-11-15 11:04:50,22,0,42613500.0,0.0,0.0,0.0,0.0,
337,2024-11-15 11:04:50,22,0,167772.0,0.0,0.0,0.0,0.0,
338,2024-11-15 11:04:50,22,0,0.0,0.0,0.0,0.0,0.0,
339,2024-11-15 11:04:50,22,0,0.0,0.0,0.0,0.0,0.0,
340,2024-11-15 11:04:51,22,0,42949000.0,0.0,0.0,0.0,0.0,
341,2024-11-15 11:04:51,22,0,167772.0,0.0,0.0,0.0,0.0,
342,2024-11-15 11:04:51,22,0,42613500.0,0.0,0.0,0.0,0.0,
343,2024-11-15 11:04:52,22,0,42949000.0,0.0,0.0,0.0,0.0,
344,2024-11-15 11:04:52,22,0,42445700.0,0.0,0.0,0.0,0.0,
345,2024-11-15 11:04:52,22,0,335544.0,0.0,0.0,0.0,0.0,
346,2024-11-15 11:07:00,19,0,40100800.0,0.0,0.0,0.0,0.0,
347,2024-11-15 11:07:00,19,0,34564300.0,0.0,0.0,0.0,0.0,
348,2024-11-15 11:07:00,19,0,4198890.0,0.0,0.0,0.0,0.0,
349,2024-11-15 11:07:01,19,0,41778500.0,0.0,0.0,0.0,0.0,
350,2024-11-15 11:07:01,19,0,34396600.0,0.0,0.0,0.0,0.0,
351,2024-11-15 11:07:01,19,0,3527800.0,0.0,0.0,0.0,0.0,
352,2024-11-15 11:07:02,19,0,40939700.0,0.0,0.0,0.0,0.0,
353,2024-11-15 11:07:02,19,0,33893300.0,0.0,0.0,0.0,0.0,
354,2024-11-15 11:07:02,19,0,3695580.0,0.0,0.0,0.0,0.0,
355,2024-11-15 11:07:02,19,0,42281900.0,0.0,0.0,0.0,0.0,
356,2024-11-15 11:07:03,19,0,35403200.0,0.0,0.0,0.0,0.0,
357,2024-11-15 11:07:03,19,0,2353400.0,0.0,0.0,0.0,0.0,
358,2024-11-15 11:07:03,19,0,41443000.0,0.0,0.0,0.0,0.0,
359,2024-11-15 11:07:04,19,0,35235400.0,0.0,0.0,0.0,0.0,
360,2024-11-15 11:07:04,19,0,4702210.0,0.0,0.0,0.0,0.0,
361,2024-11-15 11:07:04,19,0,40771900.0,0.0,0.0,0.0,0.0,
362,2024-11-15 11:07:05,19,0,31880000.0,0.0,0.0,0.0,0.0,
363,2024-11-15 11:07:05,19,0,6212160.0,0.0,0.0,0.0,0.0,
364,2024-11-15 11:07:05,19,0,41778500.0,0.0,0.0,0.0,0.0,
365,2024-11-15 11:07:05,19,0,35235400.0,0.0,0.0,0.0,0.0,
366,2024-11-15 11:07:06,19,0,2856710.0,0.0,0.0,0.0,0.0,
367,2024-11-15 11:07:06,19,0,41107500.0,0.0,0.0,0.0,0.0,
368,2024-11-15 11:07:06,19,0,34732100.0,0.0,0.0,0.0,0.0,
369,2024-11-15 11:07:07,19,0,4869980.0,0.0,0.0,0.0,0.0,
370,2024-11-15 11:07:07,19,0,39262000.0,0.0,0.0,0.0,0.0,
371,2024-11-15 11:07:07,19,0,35571000.0,0.0,0.0,0.0,0.0,
372,2024-11-15 11:07:07,19,0,5205520.0,0.0,0.0,0.0,0.0,
373,2024-11-15 11:07:08,19,0,40939700.0,0.0,0.0,0.0,0.0,
374,2024-11-15 11:07:08,19,0,30034500.0,0.0,0.0,0.0,0.0,
375,2024-11-15 11:07:08,19,0,3863350.0,0.0,0.0,0.0,0.0,
376,2024-11-15 11:07:09,19,0,38087600.0,0.0,0.0,0.0,0.0,
377,2024-11-15 11:07:09,19,0,34564300.0,0.0,0.0,0.0,0.0,
378,2024-11-15 11:07:09,19,0,3695580.0,0.0,0.0,0.0,0.0,
379,2024-11-15 11:07:10,19,0,4534440.0,0.0,0.0,0.0,0.0,
380,2024-11-15 11:07:10,19,0,42114100.0,0.0,0.0,0.0,0.0,
381,2024-11-15 11:07:11,19,0,34228800.0,0.0,0.0,0.0,0.0,
382,2024-11-15 11:07:11,19,0,3695580.0,0.0,0.0,0.0,0.0,
383,2024-11-15 11:07:11,19,0,42449600.0,0.0,0.0,0.0,0.0,
384,2024-11-15 11:07:12,19,0,40939700.0,0.0,0.0,0.0,0.0,
385,2024-11-15 11:07:12,19,0,2856710.0,0.0,0.0,0.0,0.0,
386,2024-11-15 11:07:12,19,0,31376700.0,0.0,0.0,0.0,0.0,
387,2024-11-15 11:07:13,19,0,14935700.0,0.0,0.0,0.0,0.0,
388,2024-11-15 11:07:13,19,0,19968200.0,0.0,0.0,0.0,0.0,
389,2024-11-15 11:07:13,19,0,36074900.0,0.0,0.0,0.0,0.0,
390,2024-11-15 11:07:14,19,0,13760600.0,0.0,0.0,0.0,0.0,
391,2024-11-15 11:07:14,19,0,14096100.0,0.0,0.0,0.0,0.0,
392,2024-11-15 11:07:14,19,0,16613400.0,0.0,0.0,0.0,0.0,
393,2024-11-15 11:07:14,19,0,7553020.0,0.0,0.0,0.0,0.0,
394,2024-11-15 11:07:15,19,0,12586200.0,0.0,0.0,0.0,0.0,
395,2024-11-15 11:07:15,19,0,22317600.0,0.0,0.0,0.0,0.0,
396,2024-11-15 11:07:15,19,0,5707530.0,0.0,0.0,0.0,0.0,
397,2024-11-15 11:07:16,19,0,8895200.0,0.0,0.0,0.0,0.0,
398,2024-11-15 11:07:16,19,0,19801000.0,0.0,0.0,0.0,0.0,
399,2024-11-15 11:07:16,19,0,10740700.0,0.0,0.0,0.0,0.0,
400,2024-11-15 11:13:54,22,0,0.0,0.0,0.0,0.0,0.0,
401,2024-11-15 11:13:54,22,0,42445700.0,0.0,0.0,0.0,0.0,
402,2024-11-15 11:13:55,22,0,42277900.0,0.0,0.0,0.0,0.0,
403,2024-11-15 12:01:13,22,0,167772.0,0.0,0.0,0.0,0.0,
404,2024-11-15 12:01:13,22,0,167772.0,0.0,0.0,0.0,0.0,
405,2024-11-15 12:01:14,22,0,42949000.0,0.0,0.0,0.0,0.0,
406,2024-11-15 12:01:14,22,0,42949000.0,0.0,0.0,0.0,0.0,
407,2024-11-15 12:01:14,22,0,0.0,0.0,0.0,0.0,0.0,
408,2024-11-15 12:01:14,22,0,0.0,0.0,0.0,0.0,0.0,
409,2024-11-15 12:01:15,22,0,0.0,0.0,0.0,0.0,0.0,
410,2024-11-15 12:01:15,22,0,0.0,0.0,0.0,0.0,0.0,
411,2024-11-15 12:01:15,22,0,838861.0,0.0,0.0,0.0,0.0,
412,2024-11-15 12:01:16,22,0,838861.0,0.0,0.0,0.0,0.0,
413,2024-11-15 12:38:06,22,0,11076900.0,0.0,0.0,0.0,0.0,
414,2024-11-15 12:38:06,22,0,11076900.0,0.0,0.0,0.0,0.0,
415,2024-11-15 12:41:34,22,0,10573600.0,0.0,0.0,0.0,0.0,
416,2024-11-15 12:41:34,22,0,15103400.0,0.0,0.0,0.0,0.0,
417,2024-11-15 12:41:35,22,0,33391200.0,0.0,0.0,0.0,0.0,
418,2024-11-15 12:42:43,22,D7:E2:86:DD:5D:99,10405800.0,10405800.0,15774500.0,1577450000.0,0.0,
419,2024-11-15 12:42:43,22,D7:E2:86:DD:5D:99,34062300.0,34062300.0,0.0,0.0,0.0,
420,2024-11-15 12:42:44,22,D7:E2:86:DD:5D:99,8728080.0,8728080.0,15774500.0,1577450000.0,0.0,
421,2024-11-15 12:42:44,22,D7:E2:86:DD:5D:99,34062300.0,34062300.0,0.0,0.0,0.0,
422,2024-11-15 12:42:45,22,D7:E2:86:DD:5D:99,10909100.0,10909100.0,16110100.0,1611010000.0,0.0,
423,2024-11-15 12:42:45,22,D7:E2:86:DD:5D:99,33894600.0,33894600.0,0.0,0.0,0.0,
424,2024-11-15 12:42:46,22,D7:E2:86:DD:5D:99,9902490.0,9902490.0,15774500.0,1577450000.0,0.0,
425,2024-11-15 12:42:46,22,D7:E2:86:DD:5D:99,33391200.0,33391200.0,0.0,0.0,0.0,
426,2024-11-15 12:42:47,22,D7:E2:86:DD:5D:99,10070300.0,10070300.0,16110100.0,1611010000.0,0.0,
427,2024-11-15 12:42:47,22,D7:E2:86:DD:5D:99,33559000.0,33559000.0,0.0,0.0,0.0,
428,2024-11-15 12:42:48,22,D7:E2:86:DD:5D:99,10238000.0,10238000.0,15774500.0,1577450000.0,0.0,
429,2024-11-15 12:42:48,22,D7:E2:86:DD:5D:99,33726800.0,33726800.0,0.0,0.0,0.0,
430,2024-11-15 12:42:49,22,D7:E2:86:DD:5D:99,10070300.0,10070300.0,16445600.0,1644560000.0,0.0,
431,2024-11-15 12:42:49,22,D7:E2:86:DD:5D:99,34230100.0,34230100.0,167772.0,16777200.0,0.0,
432,2024-11-15 12:42:50,22,D7:E2:86:DD:5D:99,10070300.0,10070300.0,16613400.0,1661340000.0,0.0,
433,2024-11-15 12:42:50,22,D7:E2:86:DD:5D:99,34901200.0,34901200.0,167772.0,16777200.0,0.0,
434,2024-11-15 12:42:51,22,D7:E2:86:DD:5D:99,9902490.0,9902490.0,15606700.0,1560670000.0,0.0,
435,2024-11-15 12:42:51,22,D7:E2:86:DD:5D:99,33223500.0,33223500.0,167772.0,16777200.0,0.0,
436,2024-11-15 12:42:52,22,D7:E2:86:DD:5D:99,10070300.0,10070300.0,16277800.0,1627780000.0,0.0,
437,2024-11-15 12:42:52,22,D7:E2:86:DD:5D:99,33559000.0,33559000.0,167772.0,16777200.0,0.0,
438,2024-11-15 12:42:53,22,D7:E2:86:DD:5D:99,8895860.0,8895860.0,16613400.0,1661340000.0,0.0,
439,2024-11-15 12:42:53,22,D7:E2:86:DD:5D:99,33223500.0,33223500.0,335544.0,33554400.0,0.0,
440,2024-11-15 12:42:54,22,D7:E2:86:DD:5D:99,10909100.0,10909100.0,16277800.0,1627780000.0,0.0,
441,2024-11-15 12:42:54,22,D7:E2:86:DD:5D:99,33559000.0,33559000.0,335544.0,33554400.0,0.0,
442,2024-11-15 12:42:55,22,D7:E2:86:DD:5D:99,10070300.0,10070300.0,16781100.0,1678110000.0,0.0,
443,2024-11-15 12:42:55,22,D7:E2:86:DD:5D:99,34230100.0,34230100.0,503316.0,50331600.0,0.0,
444,2024-11-15 13:23:25,19,0,3271880000.0,3338990000.0,419889000.0,0.0,0.0,0
445,2024-11-15 13:23:25,19,0,3271880000.0,3338990000.0,419889000.0,0.0,0.0,0
446,2024-11-15 13:23:25,19,0,3305440000.0,3473210000.0,436666000.0,0.0,0.0,0
447,2024-11-15 13:23:26,19,0,3305440000.0,3473210000.0,436666000.0,0.0,0.0,0
448,2024-11-15 13:23:26,19,0,3355770000.0,3439660000.0,419889000.0,0.0,0.0,0
449,2024-11-15 13:23:26,19,0,3355770000.0,3439660000.0,419889000.0,0.0,0.0,0
450,2024-11-15 13:23:27,19,0,3372550000.0,3473210000.0,503775000.0,0.0,0.0,0
451,2024-11-15 13:23:27,19,0,3372550000.0,3473210000.0,503775000.0,0.0,0.0,0
452,2024-11-15 13:23:27,19,0,3238330000.0,3372550000.0,419889000.0,0.0,0.0,0
453,2024-11-15 13:23:27,19,0,3238330000.0,3372550000.0,419889000.0,0.0,0.0,0
454,2024-11-15 13:23:28,19,0,3406100000.0,3389330000.0,486998000.0,0.0,0.0,0
455,2024-11-15 13:23:28,19,0,3406100000.0,3389330000.0,486998000.0,0.0,0.0,0
456,2024-11-15 13:23:28,19,0,3322220000.0,3557100000.0,419889000.0,0.0,0.0,0
457,2024-11-15 13:23:29,19,0,3322220000.0,3557100000.0,419889000.0,0.0,0.0,0
458,2024-11-15 13:23:29,19,0,3372550000.0,3389330000.0,453444000.0,0.0,0.0,0
459,2024-11-15 13:23:29,19,0,3372550000.0,3389330000.0,453444000.0,0.0,0.0,0
460,2024-11-15 13:23:30,19,0,3372550000.0,3473210000.0,486998000.0,0.0,0.0,0
461,2024-11-15 13:23:30,19,0,3372550000.0,3473210000.0,486998000.0,0.0,0.0,0
462,2024-11-15 13:23:30,19,0,3355770000.0,3439660000.0,453444000.0,0.0,0.0,0
463,2024-11-15 13:23:30,19,0,3355770000.0,3439660000.0,453444000.0,0.0,0.0,0
464,2024-11-15 13:23:31,19,0,3372550000.0,3439660000.0,352780000.0,0.0,0.0,0
465,2024-11-15 13:23:31,19,0,3372550000.0,3439660000.0,352780000.0,0.0,0.0,0
466,2024-11-15 13:23:31,19,0,3238330000.0,3389330000.0,386335000.0,0.0,0.0,0
467,2024-11-15 13:23:32,19,0,3238330000.0,3389330000.0,386335000.0,0.0,0.0,0
468,2024-11-15 13:23:32,19,0,3355770000.0,3422880000.0,453444000.0,0.0,0.0,0
469,2024-11-15 13:23:32,19,0,3355770000.0,3422880000.0,453444000.0,0.0,0.0,0
470,2024-11-15 13:23:32,19,0,3355770000.0,3439660000.0,386335000.0,0.0,0.0,0
471,2024-11-15 13:23:33,19,0,3355770000.0,3439660000.0,386335000.0,0.0,0.0,0
472,2024-11-15 13:23:33,19,0,3389330000.0,3355770000.0,436666000.0,0.0,0.0,0
473,2024-11-15 13:23:33,19,0,3389330000.0,3355770000.0,436666000.0,0.0,0.0,0
474,2024-11-15 13:23:34,19,0,3439660000.0,3523540000.0,453444000.0,0.0,0.0,0
475,2024-11-15 13:23:34,19,0,3439660000.0,3523540000.0,453444000.0,0.0,0.0,0
476,2024-11-15 13:23:34,19,0,3271880000.0,3456430000.0,369558000.0,0.0,0.0,0
477,2024-11-15 13:23:35,19,0,3271880000.0,3456430000.0,369558000.0,0.0,0.0,0
478,2024-11-15 13:23:35,19,0,3305440000.0,3422880000.0,419889000.0,0.0,0.0,0
479,2024-11-15 13:23:35,19,0,3305440000.0,3422880000.0,419889000.0,0.0,0.0,0
480,2024-11-15 13:23:35,19,0,3355770000.0,3389330000.0,503775000.0,0.0,0.0,0
481,2024-11-15 13:23:36,19,0,3355770000.0,3389330000.0,503775000.0,0.0,0.0,0
482,2024-11-15 13:23:36,19,0,3288660000.0,3473210000.0,453444000.0,0.0,0.0,0
483,2024-11-15 13:23:36,19,0,3288660000.0,3473210000.0,453444000.0,0.0,0.0,0
484,2024-11-15 13:23:37,19,0,3305440000.0,3406100000.0,386335000.0,0.0,0.0,0
485,2024-11-15 13:23:37,19,0,3305440000.0,3406100000.0,386335000.0,0.0,0.0,0
486,2024-11-15 13:23:37,19,0,3355770000.0,3406100000.0,486998000.0,0.0,0.0,0
487,2024-11-15 13:23:37,19,0,3355770000.0,3406100000.0,486998000.0,0.0,0.0,0
488,2024-11-15 13:23:38,19,0,3305440000.0,3355770000.0,470221000.0,0.0,0.0,0
489,2024-11-15 13:23:38,19,0,3305440000.0,3355770000.0,470221000.0,0.0,0.0,0
490,2024-11-15 13:23:38,19,0,3355770000.0,3389330000.0,503775000.0,0.0,0.0,0
491,2024-11-15 13:23:39,19,0,3355770000.0,3389330000.0,503775000.0,0.0,0.0,0
492,2024-11-15 13:23:39,19,0,3355770000.0,3422880000.0,403112000.0,0.0,0.0,0
493,2024-11-15 13:23:39,19,0,3355770000.0,3422880000.0,403112000.0,0.0,0.0,0
494,2024-11-15 13:23:40,19,0,3271880000.0,3372550000.0,403112000.0,0.0,0.0,0
495,2024-11-15 13:23:40,19,0,3271880000.0,3372550000.0,403112000.0,0.0,0.0,0
496,2024-11-15 13:23:40,19,0,3372550000.0,3439660000.0,486998000.0,0.0,0.0,0
497,2024-11-15 13:23:40,19,0,3372550000.0,3439660000.0,486998000.0,0.0,0.0,0
498,2024-11-15 13:23:41,19,0,3355770000.0,3406100000.0,352780000.0,0.0,0.0,0
499,2024-11-15 13:23:41,19,0,3355770000.0,3406100000.0,352780000.0,0.0,0.0,0
500,2024-11-15 13:23:41,19,0,3338990000.0,3523540000.0,486998000.0,0.0,0.0,0
501,2024-11-15 13:23:42,19,0,3338990000.0,3523540000.0,486998000.0,0.0,0.0,0
502,2024-11-15 13:23:42,19,0,3406100000.0,3523540000.0,386335000.0,16777200.0,0.0,0
503,2024-11-15 13:23:42,19,0,3406100000.0,3523540000.0,386335000.0,16777200.0,0.0,0
504,2024-11-15 13:23:42,19,0,3389330000.0,3389330000.0,369558000.0,16777200.0,0.0,0
505,2024-11-15 13:23:43,19,0,3389330000.0,3389330000.0,369558000.0,16777200.0,0.0,0
506,2024-11-15 13:23:43,19,0,3322220000.0,3506770000.0,386335000.0,33554400.0,0.0,0
507,2024-11-15 13:23:43,19,0,3322220000.0,3506770000.0,386335000.0,33554400.0,0.0,0
508,2024-11-15 13:23:44,19,0,3271880000.0,3439660000.0,403112000.0,33554400.0,0.0,0
509,2024-11-15 13:23:44,19,0,3271880000.0,3439660000.0,403112000.0,33554400.0,0.0,0
510,2024-11-15 13:23:44,19,0,3406100000.0,3473210000.0,386335000.0,33554400.0,0.0,0
511,2024-11-15 13:23:45,19,0,3406100000.0,3473210000.0,386335000.0,33554400.0,0.0,0
512,2024-11-15 13:23:45,19,0,3372550000.0,3389330000.0,436666000.0,33554400.0,0.0,0
513,2024-11-15 13:23:45,19,0,3372550000.0,3389330000.0,436666000.0,33554400.0,0.0,0
514,2024-11-15 13:23:45,19,0,3406100000.0,3439660000.0,369558000.0,33554400.0,0.0,0
515,2024-11-15 13:23:46,19,0,3406100000.0,3439660000.0,369558000.0,33554400.0,0.0,0
516,2024-11-15 13:23:46,19,0,3338990000.0,3271880000.0,486998000.0,33554400.0,0.0,0
517,2024-11-15 13:23:46,19,0,3338990000.0,3271880000.0,486998000.0,33554400.0,0.0,0
518,2024-11-15 13:23:47,19,0,3305440000.0,3506770000.0,470221000.0,33554400.0,0.0,0
519,2024-11-15 13:23:47,19,0,3305440000.0,3506770000.0,470221000.0,33554400.0,0.0,0
520,2024-11-15 13:23:47,19,0,3372550000.0,3422880000.0,453444000.0,33554400.0,0.0,0
521,2024-11-15 13:23:47,19,0,3372550000.0,3422880000.0,453444000.0,33554400.0,0.0,0
522,2024-11-15 13:23:48,19,0,3338990000.0,3523540000.0,386335000.0,33554400.0,0.0,0
523,2024-11-15 13:23:48,19,0,3338990000.0,3523540000.0,386335000.0,33554400.0,0.0,0
524,2024-11-15 13:23:48,19,0,3271880000.0,3338990000.0,436666000.0,33554400.0,0.0,0
525,2024-11-15 13:23:49,19,0,3271880000.0,3338990000.0,436666000.0,33554400.0,0.0,0
526,2024-11-15 13:23:49,19,0,3305440000.0,3355770000.0,453444000.0,33554400.0,0.0,0
527,2024-11-15 13:23:49,19,0,3305440000.0,3355770000.0,453444000.0,33554400.0,0.0,0
528,2024-11-15 13:23:50,19,0,3439660000.0,3422880000.0,386335000.0,33554400.0,0.0,0
529,2024-11-15 13:23:50,19,0,3439660000.0,3422880000.0,386335000.0,33554400.0,0.0,0
530,2024-11-15 13:23:50,19,0,3288660000.0,3456430000.0,403112000.0,33554400.0,0.0,0
531,2024-11-15 13:23:50,19,0,3288660000.0,3456430000.0,403112000.0,33554400.0,0.0,0
532,2024-11-15 13:23:51,19,0,3355770000.0,3473210000.0,453444000.0,33554400.0,0.0,0
533,2024-11-15 13:23:51,19,0,3355770000.0,3473210000.0,453444000.0,33554400.0,0.0,0
534,2024-11-15 13:23:51,19,0,3338990000.0,3389330000.0,403112000.0,33554400.0,0.0,0
535,2024-11-15 13:23:52,19,0,3338990000.0,3389330000.0,403112000.0,33554400.0,0.0,0
536,2024-11-15 13:23:52,19,0,3338990000.0,3473210000.0,403112000.0,33554400.0,0.0,0
537,2024-11-15 13:23:52,19,0,3338990000.0,3473210000.0,403112000.0,33554400.0,0.0,0
538,2024-11-15 13:23:52,19,0,3406100000.0,3473210000.0,470221000.0,33554400.0,0.0,0
539,2024-11-15 13:23:53,19,0,3406100000.0,3473210000.0,470221000.0,33554400.0,0.0,0
540,2024-11-15 13:23:53,19,0,3338990000.0,3439660000.0,386335000.0,33554400.0,0.0,0
541,2024-11-15 13:23:53,19,0,3338990000.0,3439660000.0,386335000.0,33554400.0,0.0,0
542,2024-11-15 13:23:54,19,0,3338990000.0,3540320000.0,419889000.0,33554400.0,0.0,0
543,2024-11-15 13:23:54,19,0,3338990000.0,3540320000.0,419889000.0,33554400.0,0.0,0
544,2024-11-15 13:23:54,19,0,3372550000.0,3389330000.0,470221000.0,33554400.0,0.0,0
545,2024-11-15 13:23:55,19,0,3372550000.0,3389330000.0,470221000.0,33554400.0,0.0,0
546,2024-11-15 13:23:55,19,0,3355770000.0,3456430000.0,486998000.0,33554400.0,0.0,0
547,2024-11-15 13:23:55,19,0,3355770000.0,3456430000.0,486998000.0,33554400.0,0.0,0
548,2024-11-15 13:23:55,19,0,3473210000.0,3489990000.0,453444000.0,33554400.0,0.0,0
549,2024-11-15 13:23:56,19,0,3473210000.0,3489990000.0,453444000.0,33554400.0,0.0,0
550,2024-11-15 13:23:56,19,0,3305440000.0,3422880000.0,369558000.0,33554400.0,0.0,0
551,2024-11-15 13:23:56,19,0,3305440000.0,3422880000.0,369558000.0,33554400.0,0.0,0
552,2024-11-15 13:23:57,19,0,3389330000.0,3372550000.0,486998000.0,33554400.0,0.0,0
553,2024-11-15 13:23:57,19,0,3389330000.0,3372550000.0,486998000.0,33554400.0,0.0,0
554,2024-11-15 13:23:57,19,0,3322220000.0,3422880000.0,369558000.0,50331600.0,0.0,0
555,2024-11-15 13:23:57,19,0,3322220000.0,3422880000.0,369558000.0,50331600.0,0.0,0
556,2024-11-15 13:23:58,19,0,3355770000.0,3456430000.0,352780000.0,50331600.0,0.0,0
557,2024-11-15 13:23:58,19,0,3355770000.0,3456430000.0,352780000.0,50331600.0,0.0,0
558,2024-11-15 13:23:58,19,0,3389330000.0,3439660000.0,436666000.0,50331600.0,0.0,0
559,2024-11-15 13:23:59,19,0,3389330000.0,3439660000.0,436666000.0,50331600.0,0.0,0
560,2024-11-15 13:23:59,19,0,3271880000.0,3506770000.0,453444000.0,50331600.0,0.0,0
561,2024-11-15 13:23:59,19,0,3271880000.0,3506770000.0,453444000.0,50331600.0,0.0,0
562,2024-11-15 13:24:00,19,0,3238330000.0,3422880000.0,369558000.0,50331600.0,0.0,0
563,2024-11-15 13:24:00,19,0,3238330000.0,3422880000.0,369558000.0,50331600.0,0.0,0
564,2024-11-15 13:24:00,19,0,3338990000.0,3473210000.0,486998000.0,67108900.0,0.0,0
565,2024-11-15 13:24:00,19,0,3338990000.0,3473210000.0,486998000.0,67108900.0,0.0,0
566,2024-11-15 13:24:01,19,0,3271880000.0,3473210000.0,503775000.0,67108900.0,0.0,0
567,2024-11-15 13:24:01,19,0,3271880000.0,3473210000.0,503775000.0,67108900.0,0.0,0
568,2024-11-15 13:24:01,19,0,3338990000.0,3523540000.0,403112000.0,67108900.0,0.0,0
569,2024-11-15 13:24:02,19,0,3338990000.0,3523540000.0,403112000.0,67108900.0,0.0,0
570,2024-11-15 13:24:02,19,0,3372550000.0,3523540000.0,470221000.0,67108900.0,0.0,0
571,2024-11-15 13:24:02,19,0,3372550000.0,3523540000.0,470221000.0,67108900.0,0.0,0
572,2024-11-15 13:24:02,19,0,3322220000.0,3523540000.0,453444000.0,67108900.0,0.0,0
573,2024-11-15 13:24:03,19,0,3322220000.0,3523540000.0,453444000.0,67108900.0,0.0,0
574,2024-11-15 13:24:03,19,0,3523540000.0,3406100000.0,419889000.0,67108900.0,0.0,0
575,2024-11-15 13:24:03,19,0,3523540000.0,3406100000.0,419889000.0,67108900.0,0.0,0
576,2024-11-15 13:24:04,19,0,3355770000.0,3506770000.0,369558000.0,67108900.0,0.0,0
577,2024-11-15 13:24:04,19,0,3355770000.0,3506770000.0,369558000.0,67108900.0,0.0,0
578,2024-11-15 13:24:04,19,0,3355770000.0,3456430000.0,352780000.0,67108900.0,0.0,0
579,2024-11-15 13:24:05,19,0,3355770000.0,3456430000.0,352780000.0,67108900.0,0.0,0
580,2024-11-15 13:24:05,19,0,3255110000.0,3523540000.0,369558000.0,67108900.0,0.0,0
581,2024-11-15 13:24:05,19,0,3255110000.0,3523540000.0,369558000.0,67108900.0,0.0,0
582,2024-11-15 13:24:05,19,0,3389330000.0,3389330000.0,369558000.0,67108900.0,0.0,0
583,2024-11-15 13:24:06,19,0,3389330000.0,3389330000.0,369558000.0,67108900.0,0.0,0
584,2024-11-15 13:24:06,19,0,3372550000.0,3523540000.0,386335000.0,67108900.0,0.0,0
585,2024-11-15 13:24:06,19,0,3372550000.0,3523540000.0,386335000.0,67108900.0,0.0,0
586,2024-11-15 13:27:53,19,0,3221550000.0,3406100000.0,419889000.0,0.0,0.0,0
587,2024-11-15 13:27:58,19,0,3355770000.0,3473210000.0,235340000.0,0.0,0.0,0
588,2024-11-15 13:28:03,19,0,3338990000.0,3422880000.0,486998000.0,0.0,0.0,0
589,2024-11-15 13:28:08,19,0,4060350000.0,3741650000.0,1007030000.0,0.0,0.0,0
590,2024-11-15 13:28:13,19,0,3322220000.0,3523540000.0,436666000.0,0.0,0.0,0
591,2024-11-15 13:28:18,19,0,3439660000.0,3473210000.0,369558000.0,0.0,0.0,0
592,2024-11-15 13:29:33,19,0,3338990000.0,3422880000.0,352780000.0,33554400.0,0.0,0
593,2024-11-15 13:29:38,19,0,3355770000.0,3557100000.0,436666000.0,50331600.0,0.0,0
594,2024-11-15 13:29:43,19,0,3422880000.0,3489990000.0,453444000.0,67108900.0,0.0,0
595,2024-11-15 13:29:48,19,0,3338990000.0,3473210000.0,252117000.0,83886100.0,0.0,0
596,2024-11-15 13:29:53,19,0,3355770000.0,3557100000.0,436666000.0,0.0,0.0,0
597,2024-11-15 13:34:59,19,0,3473210000.0,3406100000.0,453444000.0,0.0,0.0,0
598,2024-11-15 13:34:59,19,0,3473210000.0,3406100000.0,453444000.0,0.0,0.0,0
599,2024-11-15 13:35:04,19,0,3406100000.0,3406100000.0,486998000.0,16777200.0,0.0,0
600,2024-11-15 13:35:04,19,0,3406100000.0,3406100000.0,486998000.0,16777200.0,0.0,0
601,2024-11-15 13:35:09,19,0,3422880000.0,3473210000.0,470221000.0,16777200.0,0.0,0
602,2024-11-15 13:35:09,19,0,3422880000.0,3473210000.0,470221000.0,16777200.0,0.0,0
603,2024-11-15 13:35:14,19,0,3439660000.0,3456430000.0,419889000.0,16777200.0,0.0,0
604,2024-11-15 13:35:14,19,0,3439660000.0,3456430000.0,419889000.0,16777200.0,0.0,0
605,2024-11-15 13:35:19,19,0,3305440000.0,3456430000.0,537330000.0,16777200.0,0.0,0
606,2024-11-15 13:35:19,19,0,3305440000.0,3456430000.0,537330000.0,16777200.0,0.0,0
607,2024-11-15 13:36:08,22,0,18626600.0,17284500.0,33391200.0,0.0,0.0,
608,2024-11-15 13:36:09,22,0,18626600.0,17620000.0,34062300.0,0.0,0.0,
609,2024-11-15 13:36:10,22,0,18794400.0,17452200.0,34062300.0,0.0,0.0,
610,2024-11-15 13:36:11,22,0,20639900.0,13929000.0,34565700.0,0.0,0.0,
611,2024-11-15 13:36:12,22,0,17452200.0,15103400.0,32887900.0,16777200.0,0.0,
612,2024-11-15 13:36:13,22,0,18962200.0,16948900.0,34062300.0,16777200.0,0.0,
613,2024-11-15 13:36:14,22,0,15942300.0,16948900.0,33223500.0,33554400.0,0.0,
614,2024-11-15 13:40:56,22,0,16.48,16.48,16.36,1636.0,0.0,
615,2024-11-15 13:40:57,22,0,19.91,19.91,0.0,0.0,0.0,
616,2024-11-15 13:40:57,22,0,16.44,16.44,16.43,1643.0,0.0,
617,2024-11-15 13:40:58,22,0,19.95,19.95,0.0,0.0,0.0,
618,2024-11-15 13:40:58,22,0,16.44,16.44,16.52,1652.0,0.0,
619,2024-11-15 13:40:59,22,0,19.94,19.94,0.0,0.0,0.0,
620,2024-11-15 13:40:59,22,0,16.39,16.39,16.47,1647.0,0.0,
621,2024-11-15 13:40:59,22,0,19.93,19.93,0.01,1.0,0.0,
622,2024-11-15 13:41:00,22,0,16.47,16.47,16.39,1639.0,0.0,
623,2024-11-15 13:48:33,1,D7:E2:86:DD:5D:99,16.47,0.0,0.0,0.0,0.0,
624,2024-11-15 13:48:33,1,D7:E2:86:DD:5D:99,16.36,0.0,0.0,0.0,0.0,
625,2024-11-15 13:48:33,1,D7:E2:86:DD:5D:99,19.96,0.0,0.0,0.0,0.0,
626,2024-11-15 13:48:34,1,D7:E2:86:DD:5D:99,0.0,0.0,0.0,0.0,0.0,
627,2024-11-15 13:48:34,1,D7:E2:86:DD:5D:99,16.52,0.0,0.0,0.0,0.0,
628,2024-11-15 13:48:34,1,D7:E2:86:DD:5D:99,16.38,0.0,0.0,0.0,0.0,
629,2024-11-15 13:48:34,1,D7:E2:86:DD:5D:99,19.94,0.0,0.0,0.0,0.0,
630,2024-11-15 13:48:35,1,D7:E2:86:DD:5D:99,0.0,0.0,0.0,0.0,0.0,
631,2024-11-15 13:48:35,1,D7:E2:86:DD:5D:99,16.46,0.0,0.0,0.0,0.0,
632,2024-11-15 13:48:35,1,D7:E2:86:DD:5D:99,16.3,0.0,0.0,0.0,0.0,
633,2024-11-15 13:48:36,1,D7:E2:86:DD:5D:99,19.98,0.0,0.0,0.0,0.0,
634,2024-11-15 13:48:36,1,D7:E2:86:DD:5D:99,0.0,0.0,0.0,0.0,0.0,
635,2024-11-15 13:48:36,1,D7:E2:86:DD:5D:99,16.47,0.0,0.0,0.0,0.0,
636,2024-11-15 13:48:36,1,D7:E2:86:DD:5D:99,16.33,0.0,0.0,0.0,0.0,
637,2024-11-15 13:48:37,1,D7:E2:86:DD:5D:99,19.98,0.0,0.0,0.0,0.0,
638,2024-11-15 13:48:37,1,D7:E2:86:DD:5D:99,0.0,0.0,0.0,0.0,0.0,
639,2024-11-15 13:48:37,1,D7:E2:86:DD:5D:99,16.37,0.0,0.0,0.0,0.0,
640,2024-11-15 13:48:38,1,D7:E2:86:DD:5D:99,16.34,0.0,0.0,0.0,0.0,
641,2024-11-15 13:48:38,1,D7:E2:86:DD:5D:99,20.03,0.0,0.0,0.0,0.0,
642,2024-11-15 13:53:48,22,0,16.47,16.41,19.98,0.0,0.0,
643,2024-11-15 13:53:49,22,0,16.5,16.45,19.92,1.0,0.0,
644,2024-11-15 13:53:50,22,0,16.47,16.4,19.92,1.0,0.0,
645,2024-11-15 13:53:51,22,0,16.46,16.35,19.98,2.0,0.0,
646,2024-11-15 13:53:53,19,0,1481.0,1484.0,1819.0,0.0,0.0,0
647,2024-11-15 13:53:58,19,0,1480.0,1481.0,1813.0,0.0,0.0,0
648,2024-11-15 13:54:03,19,0,1478.0,1486.0,1814.0,1.0,0.0,0
649,2024-11-15 13:54:08,19,0,1480.0,1482.0,1814.0,1.0,0.0,0
650,2024-11-15 13:54:13,19,0,1477.0,1490.0,1828.0,1.0,0.0,0
651,2024-11-15 13:54:18,19,0,1483.0,1488.0,1820.0,1.0,0.0,0
652,2024-11-15 13:57:01,22,0,16.48,16.48,16.36,1636.0,0.0,
653,2024-11-15 13:57:02,22,0,19.93,19.93,0.0,0.0,0.0,
654,2024-11-15 13:57:02,22,0,16.47,16.47,16.37,1637.0,0.0,
655,2024-11-15 13:57:03,22,0,19.96,19.96,0.0,0.0,0.0,
656,2024-11-15 13:57:03,22,0,16.49,16.49,16.35,1635.0,0.0,
657,2024-11-15 13:57:04,22,0,19.98,19.98,0.01,1.0,0.0,
658,2024-11-15 13:57:04,22,0,15.72,15.72,14.95,1495.0,0.0,
659,2024-11-15 13:57:05,22,0,19.34,19.34,0.01,1.0,0.0,
660,2024-11-15 13:57:05,22,0,15.65,15.65,13.27,1327.0,0.0,
661,2024-11-15 13:57:06,22,0,17.46,17.46,0.01,1.0,0.0,
662,2024-11-15 13:57:06,22,0,15.68,15.68,13.21,1321.0,0.0,
663,2024-11-15 13:57:07,22,0,17.18,17.18,0.01,1.0,0.0,
664,2024-11-15 13:57:07,22,0,15.91,15.91,13.91,1391.0,0.0,
665,2024-11-15 13:57:08,22,0,18.71,18.71,0.01,1.0,0.0,
666,2024-11-15 13:57:08,22,0,16.21,16.21,15.34,1534.0,0.0,
667,2024-11-15 13:57:09,22,0,19.69,19.69,0.01,1.0,0.0,
668,2024-11-15 13:57:09,22,0,16.52,16.52,16.45,1645.0,0.0,
669,2024-11-15 13:57:10,22,0,19.96,19.96,0.01,1.0,0.0,
670,2024-11-15 13:57:10,22,0,16.4,16.4,16.38,1638.0,0.0,
671,2024-11-15 13:57:11,22,0,19.93,19.93,0.02,2.0,0.0,
672,2024-11-15 13:57:11,22,0,16.52,16.52,16.38,1638.0,0.0,
673,2024-11-15 13:57:12,22,0,19.99,19.99,0.02,2.0,0.0,
674,2024-11-15 13:57:12,22,0,16.42,16.42,16.38,1638.0,0.0,
675,2024-11-15 13:57:13,22,0,19.97,19.97,0.02,2.0,0.0,
676,2024-11-15 13:57:13,22,0,17.02,17.02,18.41,1841.0,0.0,
677,2024-11-15 13:57:14,22,0,19.23,19.23,0.02,2.0,0.0,
678,2024-11-15 13:57:14,22,0,17.27,17.27,19.56,1956.0,0.0,
679,2024-11-15 13:57:15,22,0,17.63,17.63,0.02,2.0,0.0,
680,2024-11-15 13:57:15,22,0,17.12,17.12,18.13,1813.0,0.0,
681,2024-11-15 13:57:16,22,0,19.26,19.26,0.02,2.0,0.0,
682,2024-11-15 13:57:16,22,0,16.47,16.47,15.97,1597.0,0.0,
683,2024-11-15 13:57:17,22,0,20.69,20.69,0.02,2.0,0.0,
684,2024-11-15 13:58:25,22,0,16.44,16.44,16.44,1630.0,0.0,
685,2024-11-15 13:58:25,22,0,16.3,16.3,19.98,1998.0,0.0,
686,2024-11-15 13:58:25,22,0,19.98,0.0,0.0,0.0,0.0,
687,2024-11-15 13:58:26,22,0,16.48,16.48,16.48,1646.0,0.0,
688,2024-11-15 13:58:26,22,0,16.46,16.46,19.97,1997.0,0.0,
689,2024-11-15 13:58:26,22,0,19.97,0.0,0.0,0.0,0.0,
690,2024-11-15 13:58:27,22,0,16.46,16.46,16.46,1638.0,0.0,
691,2024-11-15 13:58:27,22,0,16.38,16.38,20.0,2000.0,0.0,
692,2024-11-15 13:58:27,22,0,20.0,0.01,0.01,1.0,0.0,
693,2024-11-15 13:58:28,22,0,16.47,16.47,16.47,1632.0,0.0,
694,2024-11-15 13:58:28,22,0,16.32,16.32,19.93,1993.0,0.0,
695,2024-11-15 13:58:28,22,0,19.93,0.01,0.01,1.0,0.0,
696,2024-11-15 13:58:29,22,0,16.33,16.33,16.33,1641.0,0.0,
697,2024-11-15 13:58:29,22,0,16.41,16.41,19.95,1995.0,0.0,
698,2024-11-15 13:58:29,22,0,19.95,0.01,0.01,1.0,0.0,
699,2024-11-15 13:58:30,22,0,16.16,16.16,16.16,1427.0,0.0,
700,2024-11-15 13:58:30,22,0,14.27,14.27,18.9,1890.0,0.0,
701,2024-11-15 13:58:30,22,0,18.9,0.02,0.02,2.0,0.0,
702,2024-11-15 13:58:31,22,0,16.25,16.25,16.25,1329.0,0.0,
703,2024-11-15 13:58:31,22,0,13.29,13.29,18.13,1813.0,0.0,
704,2024-11-15 13:58:31,22,0,18.13,0.02,0.02,2.0,0.0,
705,2024-11-15 14:03:19,22,0,16.41,16.36,19.94,0.0,0.0,
706,2024-11-15 14:03:20,22,0,16.49,16.41,19.95,0.0,0.0,
707,2024-11-15 14:03:21,22,0,16.5,16.4,19.95,1.0,0.0,
708,2024-11-15 14:03:22,22,0,16.46,16.41,19.98,1.0,0.0,
709,2024-11-15 14:03:23,22,0,16.47,16.43,20.03,1.0,0.0,
710,2024-11-15 14:03:24,22,0,15.88,15.63,19.77,1.0,0.0,
711,2024-11-15 14:03:25,22,0,15.67,13.57,18.06,1.0,0.0,
712,2024-11-15 14:03:26,22,0,15.61,13.2,17.55,1.0,0.0,
713,2024-11-15 14:03:27,22,0,15.75,13.16,17.56,1.0,0.0,
714,2024-11-15 14:03:28,22,0,15.6,14.58,19.26,2.0,0.0,
715,2024-11-15 14:03:29,22,0,16.37,16.45,19.92,2.0,0.0,
716,2024-11-15 14:03:30,22,0,16.35,16.42,19.97,2.0,0.0,
717,2024-11-15 14:03:31,22,0,16.37,16.48,20.0,3.0,0.0,
718,2024-11-15 14:03:32,22,0,16.32,16.47,20.03,3.0,0.0,
719,2024-11-15 14:03:33,22,0,16.7,18.12,19.52,3.0,0.0,
720,2024-11-15 14:03:34,22,0,16.46,16.37,19.9,3.0,0.0,
721,2024-11-15 14:03:35,22,0,16.35,16.43,19.88,4.0,0.0,
722,2024-11-15 14:03:36,22,0,16.4,16.4,19.95,4.0,0.0,
723,2024-11-15 14:03:37,22,0,16.28,16.45,19.95,5.0,0.0,
724,2024-11-15 14:03:38,22,0,16.35,16.41,19.95,5.0,0.0,
725,2024-11-15 14:03:39,22,0,16.47,16.36,19.84,0.0,0.0,
726,2024-11-15 14:03:40,22,0,16.44,16.39,19.95,0.0,0.0,
727,2024-11-19 11:36:10,22,0,655.33,0.01,0.01,0.0,0.0,
728,2024-11-19 11:36:11,22,0,0.0,655.33,0.0,0.0,0.0,
729,2024-11-19 11:36:12,22,0,0.0,0.0,0.01,0.0,0.0,
730,2024-11-19 11:36:13,22,0,0.02,655.35,655.33,0.0,0.0,
731,2024-11-19 11:36:14,22,0,0.02,0.01,0.0,0.0,0.0,
732,2024-11-19 11:36:15,22,0,0.0,655.35,0.0,0.0,0.0,
733,2024-11-19 11:36:16,22,0,0.03,655.27,0.04,0.0,0.0,
734,2024-11-19 11:36:17,22,0,655.33,0.0,0.14,0.0,0.0,
735,2024-11-19 11:36:18,22,0,655.35,655.33,0.05,0.0,0.0,
736,2024-11-19 11:36:19,22,0,655.33,0.0,655.33,0.0,0.0,
737,2024-11-19 11:36:20,22,0,655.33,0.02,0.02,1.0,0.0,
738,2024-11-19 11:36:21,22,0,0.03,0.04,0.0,1.0,0.0,
739,2024-11-19 11:37:33,22,0,0.0,0.0,0.07,7.0,0.0,
740,2024-11-19 11:37:33,22,0,0.05,0.05,0.0,0.0,0.0,
741,2024-11-19 11:37:34,22,0,0.03,0.03,0.01,1.0,0.0,
742,2024-11-19 11:37:34,22,0,655.34,655.34,0.0,0.0,0.0,
743,2024-11-19 11:42:23,22,0,0.06,0.0,0.07,0.0,0.0,
744,2024-11-19 11:42:24,22,0,655.33,0.01,655.31,0.0,0.0,
745,2024-11-19 11:42:25,22,0,0.06,655.32,0.03,0.0,0.0,
746,2024-11-19 11:42:26,22,0,0.07,655.35,655.33,0.0,0.0,
747,2024-11-19 11:42:27,22,0,0.0,0.02,655.29,0.0,0.0,
748,2024-11-19 11:42:28,22,0,0.03,0.01,0.01,0.0,0.0,
749,2024-11-19 11:42:29,22,0,0.01,0.02,0.05,1.0,0.0,
750,2024-11-19 11:42:30,22,0,0.03,0.0,0.01,1.0,0.0,
751,2024-11-19 11:42:31,22,0,0.0,0.0,655.31,1.0,0.0,
752,2024-11-19 11:43:36,22,0,0.01,0.01,0.0,0.0,0.0,
753,2024-11-19 11:43:36,22,0,655.31,655.31,0.0,0.0,0.0,
754,2024-11-19 11:43:37,22,0,0.0,0.0,0.01,1.0,0.0,
755,2024-11-19 11:43:37,22,0,655.32,655.32,0.0,0.0,0.0,
756,2024-11-19 11:43:38,22,0,0.05,0.05,0.0,0.0,0.0,
757,2024-11-19 11:46:57,22,0,0.0,0.0,0.0,7.0,0.0,
758,2024-11-19 11:46:57,22,0,0.07,0.07,0.02,2.0,0.0,
759,2024-11-19 11:46:57,22,0,0.02,0.0,0.0,0.0,0.0,
760,2024-11-19 11:46:57,22,0,0.0,0.0,0.0,3.0,0.0,
761,2024-11-19 11:46:58,22,0,0.03,0.03,0.05,5.0,0.0,
762,2024-11-19 11:46:58,22,0,0.05,0.0,0.0,0.0,0.0,
763,2024-11-19 11:46:59,22,0,0.04,0.04,0.04,65535.0,0.0,
764,2024-11-19 11:46:59,22,0,655.35,655.35,0.01,1.0,0.0,
765,2024-11-19 11:46:59,22,0,0.01,0.0,0.0,0.0,0.0,
766,2024-11-19 11:46:59,22,0,655.35,655.35,655.35,65534.0,0.0,
767,2024-11-19 11:47:00,22,0,655.34,655.34,0.0,0.0,0.0,
768,2024-11-19 11:47:00,22,0,0.0,0.0,0.0,0.0,0.0,
769,2024-11-19 11:47:01,22,0,655.35,655.35,655.35,65535.0,0.0,
770,2024-11-19 11:47:01,22,0,655.35,655.35,655.31,65531.0,0.0,
771,2024-11-19 11:47:01,22,0,655.31,0.0,0.0,0.0,0.0,
772,2024-11-19 11:47:02,22,0,655.35,655.35,655.35,65535.0,0.0,
773,2024-11-19 11:47:02,22,0,655.35,655.35,0.07,7.0,0.0,
774,2024-11-19 11:47:02,22,0,0.07,0.0,0.0,0.0,0.0,
775,2024-11-19 11:47:03,22,0,655.35,655.35,655.35,1.0,0.0,
776,2024-11-19 11:47:03,22,0,0.01,0.01,0.07,7.0,0.0,
777,2024-11-19 11:47:03,22,0,0.07,0.01,0.01,1.0,0.0,
778,2024-11-19 11:47:04,22,0,0.01,0.01,0.01,4.0,0.0,
779,2024-11-19 11:53:18,22,0,0.04,0.01,0.02,0.0,0.0,
780,2024-11-19 11:53:38,22,0,0.03,0.03,0.0,0.0,0.0,
781,2024-11-19 11:53:38,22,0,0.05,0.05,0.0,0.0,0.0,
782,2024-11-19 11:53:39,22,0,655.31,655.31,0.03,3.0,0.0,
783,2024-11-19 11:53:39,22,0,0.0,0.0,0.01,1.0,0.0,
784,2024-11-19 11:53:40,22,0,655.32,655.32,655.34,65534.0,0.0,
785,2024-11-19 11:53:40,22,0,655.33,655.33,0.01,1.0,0.0,
786,2024-11-19 12:05:20,22,0,655.35,0.02,0.0,0.0,0.0,
787,2024-11-19 12:05:21,22,0,0.03,0.05,0.07,0.0,0.0,
788,2024-11-19 12:06:52,22,0,655.33,655.33,0.02,2.0,0.0,
789,2024-11-19 12:06:52,22,0,0.0,0.0,0.0,0.0,0.0,
790,2024-11-19 12:06:52,22,0,0.0,0.0,655.32,65532.0,0.0,
791,2024-11-19 12:06:53,22,0,0.03,0.03,0.0,0.0,0.0,
792,2024-11-19 12:06:54,22,0,0.01,0.01,0.0,0.0,0.0,
793,2024-11-19 12:06:54,22,0,0.02,0.02,0.0,0.0,0.0,
794,2024-11-19 12:06:54,22,0,0.02,0.02,0.0,0.0,0.0,
795,2024-11-19 12:06:55,22,0,654.3,654.3,0.0,0.0,0.0,
796,2024-11-19 12:18:22,22,0,0.0,655.34,655.35,0.0,0.0,
797,2024-11-19 12:18:23,22,0,655.35,0.02,655.35,0.0,0.0,
798,2024-11-19 12:18:24,22,0,655.35,655.33,0.02,0.0,0.0,
799,2024-11-19 12:20:13,22,0,0.03,655.32,0.11,0.0,0.0,
800,2024-11-19 12:20:14,22,0,655.34,0.01,0.03,0.0,0.0,
801,2024-11-19 12:20:48,22,0,655.34,655.34,0.0,0.0,0.0,
802,2024-11-19 12:20:49,22,0,0.0,0.0,0.0,0.0,0.0,
803,2024-11-19 12:20:49,22,0,655.33,655.33,0.01,1.0,0.0,
804,2024-11-19 12:20:50,22,0,655.33,655.33,0.0,0.0,0.0,
805,2024-11-19 12:20:50,22,0,655.33,655.33,0.01,1.0,0.0,
806,2024-11-19 12:20:50,22,0,655.35,655.35,0.0,0.0,0.0,
807,2024-11-19 12:24:27,22,0,655.31,0.05,0.01,0.0,0.0,
808,2024-11-19 12:24:28,22,0,655.35,655.35,0.01,0.0,0.0,
809,2024-11-19 12:24:29,22,0,655.35,0.0,655.35,0.0,0.0,
810,2024-11-19 12:28:26,22,0,655.33,655.35,655.31,0.0,0.0,
811,2024-11-19 12:28:27,22,0,655.31,0.05,655.35,0.0,0.0,
812,2024-11-19 12:28:28,22,0,0.01,0.0,0.03,0.0,0.0,
813,2024-11-19 12:28:29,22,0,0.01,0.0,0.04,0.0,0.0,
814,2024-11-19 12:30:23,22,0,0.03,655.33,0.0,0.0,0.0,
815,2024-11-19 12:30:24,22,0,655.33,655.35,655.35,0.0,0.0,
816,2024-11-19 12:32:35,22,0,9.79,9.79,9.96,996.0,0.0,
817,2024-11-19 12:32:35,22,0,12.07,12.07,0.0,0.0,0.0,
818,2024-11-19 12:32:36,22,0,9.72,9.72,9.84,984.0,0.0,
819,2024-11-19 12:32:36,22,0,11.78,11.78,0.0,0.0,0.0,
820,2024-11-19 12:32:37,22,0,9.2,9.2,9.38,938.0,0.0,
821,2024-11-19 12:32:37,22,0,11.74,11.74,0.0,0.0,0.0,
822,2024-11-19 12:32:38,22,0,9.98,9.98,8.83,883.0,0.0,
823,2024-11-19 12:32:38,22,0,11.67,11.67,0.0,0.0,0.0,
824,2024-11-19 12:32:39,22,0,10.55,10.55,9.44,944.0,0.0,
825,2024-11-19 12:33:43,22,0,14.98,14.98,14.98,1520.0,0.0,
826,2024-11-19 12:33:43,22,0,15.2,15.2,18.26,1826.0,0.0,
827,2024-11-19 12:33:44,22,0,18.26,0.0,0.0,0.0,0.0,
828,2024-11-19 12:33:44,22,0,13.59,13.59,13.59,1436.0,0.0,
829,2024-11-19 12:33:44,22,0,14.36,14.36,17.95,1795.0,0.0,
830,2024-11-19 12:33:45,22,0,17.95,0.0,0.0,0.0,0.0,
831,2024-11-19 12:33:45,22,0,14.87,14.87,14.87,1509.0,0.0,
832,2024-11-19 12:33:45,22,0,15.09,15.09,18.2,1820.0,0.0,
833,2024-11-19 12:33:46,22,0,18.2,0.0,0.0,0.0,0.0,
834,2024-11-19 12:33:46,22,0,15.75,15.75,15.75,1553.0,0.0,
835,2024-11-19 12:33:46,22,0,15.53,15.53,18.43,1843.0,0.0,
836,2024-11-19 12:33:47,22,0,18.43,0.0,0.0,0.0,0.0,
837,2024-11-19 12:33:47,22,0,14.97,14.97,14.97,1529.0,0.0,
838,2024-11-19 12:34:29,22,0,14.98,14.98,14.98,1498.0,0.0,
839,2024-11-19 12:34:29,22,0,15.05,15.05,15.05,1505.0,0.0,
840,2024-11-19 12:34:29,22,0,18.28,18.28,18.28,1828.0,0.0,
841,2024-11-19 12:34:29,22,0,0.0,0.0,0.0,0.0,0.0,
842,2024-11-19 12:34:30,22,0,14.95,14.95,14.95,1495.0,0.0,
843,2024-11-19 12:34:30,22,0,15.26,15.26,15.26,1526.0,0.0,
844,2024-11-19 12:34:30,22,0,18.29,18.29,18.29,1829.0,0.0,
845,2024-11-19 12:34:31,22,0,0.0,0.0,0.0,0.0,0.0,
846,2024-11-19 12:34:31,22,0,14.96,14.96,14.96,1496.0,0.0,
847,2024-11-19 12:34:31,22,0,15.29,15.29,15.29,1529.0,0.0,
848,2024-11-19 12:34:32,22,0,18.29,18.29,18.29,1829.0,0.0,
849,2024-11-19 12:34:32,22,0,0.0,0.0,0.0,0.0,0.0,
850,2024-11-19 12:34:32,22,0,14.98,14.98,14.98,1498.0,0.0,
851,2024-11-19 12:34:32,22,0,15.23,15.23,15.23,1523.0,0.0,
852,2024-11-19 12:34:33,22,0,18.24,18.24,18.24,1824.0,0.0,
853,2024-11-19 12:34:33,22,0,0.0,0.0,0.0,0.0,0.0,
854,2024-11-19 12:34:33,22,0,15.01,15.01,15.01,1501.0,0.0,
855,2024-11-19 12:34:34,22,0,15.27,15.27,15.27,1527.0,0.0,
856,2024-11-19 12:34:34,22,0,18.31,18.31,18.31,1831.0,0.0,
857,2024-11-19 12:34:34,22,0,0.01,0.01,0.01,1.0,0.0,
858,2024-11-19 12:35:06,22,0,14.82,14.82,14.82,1482.0,0.0,
859,2024-11-19 12:35:06,22,0,14.82,14.79,14.79,1479.0,0.0,
860,2024-11-19 12:35:06,22,0,14.79,14.79,18.42,1842.0,0.0,
861,2024-11-19 12:35:07,22,0,18.42,18.42,18.42,0.0,0.0,
862,2024-11-19 12:35:07,22,0,0.0,0.0,0.0,0.0,0.0,
863,2024-11-19 12:35:07,22,0,14.53,14.53,14.53,1453.0,0.0,
864,2024-11-19 12:35:08,22,0,14.53,13.15,13.15,1315.0,0.0,
865,2024-11-19 12:35:08,22,0,13.15,13.15,17.14,1714.0,0.0,
866,2024-11-19 12:35:08,22,0,17.14,17.14,17.14,0.0,0.0,
867,2024-11-19 12:43:10,22,0,14.61,14.61,14.61,1461.0,0.0,
868,2024-11-19 12:43:10,22,0,14.61,14.61,14.79,1479.0,0.0,
869,2024-11-19 12:43:10,22,0,14.79,14.79,14.79,1479.0,0.0,
870,2024-11-19 12:43:11,22,0,18.22,18.22,18.22,1822.0,0.0,
871,2024-11-19 12:43:11,22,0,18.22,18.22,0.0,0.0,0.0,
872,2024-11-19 12:43:11,22,0,0.0,0.0,0.0,0.0,0.0,
873,2024-11-19 12:55:50,22,0,14.77,14.75,18.32,0.0,0.0,
874,2024-11-19 12:55:51,22,0,14.67,14.66,18.32,0.0,0.0,
875,2024-11-19 12:55:52,22,0,14.76,14.24,17.74,0.0,0.0,
876,2024-11-19 12:55:53,22,0,15.32,14.51,18.12,0.0,0.0,
877,2024-11-19 12:55:54,22,0,14.73,14.15,18.07,0.0,0.0,
878,2024-11-19 12:55:55,22,0,14.65,13.78,18.02,1.0,0.0,
879,2024-11-19 12:55:56,22,0,13.65,12.98,17.26,1.0,0.0,
880,2024-11-19 12:55:57,22,0,14.94,14.94,18.56,1.0,0.0,
881,2024-11-19 12:55:58,22,0,13.83,13.18,17.11,1.0,0.0,
882,2024-11-19 12:55:59,22,0,13.81,13.5,17.32,1.0,0.0,
883,2024-11-19 12:56:00,22,0,16.26,16.83,17.34,1.0,0.0,
884,2024-11-19 12:56:01,22,0,15.11,15.35,18.2,1.0,0.0,
885,2024-11-19 12:56:02,22,0,15.53,15.58,18.72,2.0,0.0,
886,2024-11-19 12:56:03,22,0,14.9,14.36,18.73,2.0,0.0,
887,2024-11-19 12:56:04,22,0,13.89,12.48,15.02,2.0,0.0,
888,2024-11-19 12:56:05,22,0,15.53,15.38,18.43,2.0,0.0,
889,2024-11-19 12:56:06,22,0,14.93,15.04,18.26,2.0,0.0,
890,2024-11-20 09:16:32,999,0,175.0,255.0,237.0,0.0,0.0,5
891,2024-11-20 09:22:49,999,0,76.0,134.0,195.0,0.0,0.0,5
892,2024-11-20 09:22:58,999,0,759.0,458.0,274.0,0.0,0.0,5
893,2024-11-20 09:23:43,999,0,403.0,590.0,301.0,0.0,0.0,5
894,2024-11-20 09:23:51,999,0,171.0,254.0,232.0,0.0,0.0,5
895,2024-11-20 09:24:03,999,0,220.0,314.0,253.0,0.0,0.0,0
916,2024-11-20 13:36:39,5,0,1.0,2.0,3.0,0.0,0.0,0
927,2024-11-20 13:56:16,998,0,123.0,0.0,0.0,0.0,0.0,0
933,2024-11-21 10:08:42,5,0,1080.0,1086.0,1925.0,0.0,0.0,0
934,2024-11-21 10:08:44,5,0,1393.0,1482.0,1553.0,0.0,0.0,0
935,2024-11-21 10:08:46,5,0,1939.0,1982.0,1316.0,0.0,0.0,0
936,2024-11-21 10:08:48,5,0,1593.0,1138.0,1396.0,0.0,0.0,0
937,2024-11-21 10:08:50,5,0,1342.0,1838.0,1349.0,0.0,0.0,0
938,2024-11-21 10:08:52,5,0,1092.0,1447.0,1025.0,0.0,0.0,0
939,2024-11-21 10:08:54,5,0,1563.0,1546.0,1728.0,0.0,0.0,0
940,2024-11-21 10:08:56,5,0,1225.0,1294.0,1231.0,0.0,0.0,0
941,2024-11-21 10:08:58,5,0,1296.0,1625.0,1523.0,0.0,0.0,0
942,2024-11-21 10:09:00,5,0,1019.0,1105.0,1312.0,0.0,0.0,0
943,2024-11-21 10:12:15,5,0,1648.0,1443.0,1331.0,0.0,0.0,0
944,2024-11-21 10:12:17,5,0,1424.0,1299.0,1230.0,0.0,0.0,0
945,2024-11-21 10:12:19,5,0,1794.0,1587.0,1016.0,0.0,0.0,0
946,2024-11-21 10:14:27,5,0,1315.0,1071.0,1969.0,0.0,0.0,0
947,2024-11-21 10:14:36,5,0,1149.0,1058.0,1259.0,0.0,0.0,0
948,2024-11-21 10:14:38,5,0,1259.0,1303.0,1651.0,0.0,0.0,0
949,2024-11-21 10:14:40,5,0,1968.0,1859.0,1883.0,0.0,0.0,0
950,2024-11-21 10:44:16,18,0,223.0,5.0,0.0,0.0,0.0,0
951,2024-11-21 10:44:16,18,0,200.0,4.0,0.0,0.0,0.0,0
952,2024-11-21 10:44:16,18,0,220.0,5.0,0.0,0.0,0.0,0
953,2024-11-21 10:44:17,18,0,216.0,5.0,0.0,0.0,0.0,0
954,2024-11-21 10:44:17,18,0,206.0,4.0,0.0,0.0,0.0,0
955,2024-11-21 10:44:17,18,0,221.0,5.0,0.0,0.0,0.0,0
956,2024-11-21 10:44:18,18,0,219.0,5.0,0.0,0.0,0.0,0
957,2024-11-21 10:44:18,18,0,206.0,4.0,0.0,0.0,0.0,0
958,2024-11-21 10:44:18,18,0,216.0,5.0,0.0,0.0,0.0,0
959,2024-11-21 10:44:19,18,0,216.0,5.0,0.0,0.0,0.0,0
960,2024-11-21 10:44:19,18,0,206.0,4.0,0.0,0.0,0.0,0
961,2024-11-21 10:44:19,18,0,221.0,5.0,0.0,0.0,0.0,0
962,2024-11-21 10:44:20,18,0,222.0,5.0,0.0,0.0,0.0,0
963,2024-11-21 10:44:20,18,0,206.0,4.0,0.0,0.0,0.0,0
964,2024-11-21 10:44:20,18,0,224.0,5.0,0.0,0.0,0.0,0
965,2024-11-21 10:44:21,18,0,222.0,5.0,0.0,0.0,0.0,0
966,2024-11-21 10:44:21,18,0,206.0,4.0,0.0,0.0,0.0,0
967,2024-11-21 10:44:21,18,0,213.0,5.0,0.0,0.0,0.0,0
968,2024-11-21 10:44:22,18,0,224.0,5.0,0.0,0.0,0.0,0
969,2024-11-21 10:44:22,18,0,202.0,4.0,0.0,0.0,0.0,0
970,2024-11-21 10:44:22,18,0,221.0,5.0,0.0,0.0,0.0,0
971,2024-11-21 10:44:23,18,0,221.0,5.0,0.0,0.0,0.0,0
972,2024-11-21 10:44:23,18,0,212.0,4.0,0.0,0.0,0.0,0
973,2024-11-21 10:44:23,18,0,224.0,5.0,0.0,0.0,0.0,0
974,2024-11-21 10:44:24,18,0,219.0,5.0,0.0,0.0,0.0,0
975,2024-11-21 10:44:24,18,0,206.0,4.0,0.0,0.0,0.0,0
976,2024-11-21 10:44:24,18,0,219.0,5.0,0.0,0.0,0.0,0
977,2024-11-21 10:44:25,18,0,216.0,5.0,0.0,0.0,0.0,0
978,2024-11-21 10:44:25,18,0,204.0,4.0,0.0,0.0,0.0,0
979,2024-11-21 10:44:25,18,0,215.0,5.0,0.0,0.0,0.0,0
980,2024-11-21 10:44:26,18,0,216.0,5.0,0.0,0.0,0.0,0
981,2024-11-21 10:44:26,18,0,205.0,4.0,0.0,0.0,0.0,0
982,2024-11-21 10:44:26,18,0,222.0,5.0,0.0,0.0,0.0,0
983,2024-11-21 10:44:27,18,0,220.0,5.0,0.0,0.0,0.0,0
984,2024-11-21 10:44:27,18,0,213.0,4.0,0.0,0.0,0.0,0
985,2024-11-21 10:44:27,18,0,220.0,5.0,0.0,0.0,0.0,0
986,2024-11-21 10:44:28,18,0,224.0,5.0,0.0,0.0,0.0,0
987,2024-11-21 10:44:28,18,0,196.0,4.0,0.0,0.0,0.0,0
988,2024-11-21 10:44:28,18,0,220.0,5.0,0.0,0.0,0.0,0
989,2024-11-21 10:44:29,18,0,222.0,5.0,0.0,0.0,0.0,0
990,2024-11-21 10:44:29,18,0,206.0,4.0,0.0,0.0,0.0,0
991,2024-11-21 10:44:29,18,0,222.0,5.0,0.0,0.0,0.0,0
992,2024-11-21 10:44:30,18,0,219.0,5.0,0.0,0.0,0.0,0
993,2024-11-21 10:44:30,18,0,207.0,4.0,0.0,0.0,0.0,0
994,2024-11-21 10:44:30,18,0,224.0,5.0,0.0,0.0,0.0,0
995,2024-11-21 10:44:31,18,0,218.0,5.0,0.0,0.0,0.0,0
996,2024-11-21 10:44:31,18,0,205.0,4.0,0.0,0.0,0.0,0
997,2024-11-21 10:44:31,18,0,218.0,5.0,0.0,0.0,0.0,0
998,2024-11-21 10:44:32,18,0,222.0,5.0,0.0,0.0,0.0,0
999,2024-11-21 10:44:32,18,0,196.0,4.0,0.0,0.0,0.0,0
1000,2024-11-21 10:44:32,18,0,217.0,5.0,0.0,0.0,0.0,0
1001,2024-11-21 10:44:33,18,0,221.0,5.0,0.0,0.0,0.0,0
1002,2024-11-21 10:44:33,18,0,215.0,4.0,0.0,0.0,0.0,0
1003,2024-11-21 10:44:33,18,0,228.0,5.0,0.0,0.0,0.0,0
1004,2024-11-21 10:44:34,18,0,216.0,5.0,0.0,0.0,0.0,0
1005,2024-11-21 10:44:34,18,0,204.0,4.0,0.0,0.0,0.0,0
1006,2024-11-21 10:44:34,18,0,216.0,5.0,0.0,0.0,0.0,0
1007,2024-11-21 10:44:35,18,0,215.0,5.0,0.0,0.0,0.0,0
1008,2024-11-21 10:44:35,18,0,208.0,4.0,0.0,0.0,0.0,0
1009,2024-11-21 10:44:35,18,0,221.0,5.0,0.0,0.0,0.0,0
1010,2024-11-21 10:44:36,18,0,216.0,5.0,0.0,0.0,0.0,0
1011,2024-11-21 10:44:36,18,0,202.0,4.0,0.0,0.0,0.0,0
1012,2024-11-21 10:44:36,18,0,222.0,5.0,0.0,0.0,0.0,0
1013,2024-11-21 10:44:37,18,0,228.0,5.0,0.0,0.0,0.0,0
1014,2024-11-21 10:44:37,18,0,204.0,4.0,0.0,0.0,0.0,0
1015,2024-11-21 10:44:37,18,0,221.0,5.0,0.0,0.0,0.0,0
1016,2024-11-21 10:44:38,18,0,220.0,5.0,0.0,0.0,0.0,0
1017,2024-11-21 10:44:38,18,0,207.0,4.0,0.0,0.0,0.0,0
1018,2024-11-21 10:44:38,18,0,224.0,5.0,0.0,0.0,0.0,0
1019,2024-11-21 10:44:39,18,0,221.0,5.0,0.0,0.0,0.0,0
1020,2024-11-21 10:44:39,18,0,204.0,4.0,0.0,0.0,0.0,0
1021,2024-11-21 10:44:39,18,0,227.0,5.0,0.0,0.0,0.0,0
1022,2024-11-21 10:44:40,18,0,221.0,5.0,0.0,0.0,0.0,0
1023,2024-11-21 10:44:40,18,0,204.0,4.0,0.0,0.0,0.0,0
1024,2024-11-21 10:44:40,18,0,224.0,5.0,0.0,0.0,0.0,0
1025,2024-11-21 10:44:41,18,0,218.0,5.0,0.0,0.0,0.0,0
1026,2024-11-21 10:44:41,18,0,208.0,4.0,0.0,0.0,0.0,0
1027,2024-11-21 10:44:41,18,0,220.0,5.0,0.0,0.0,0.0,0
1028,2024-11-21 10:44:42,18,0,219.0,5.0,0.0,0.0,0.0,0
1029,2024-11-21 10:44:42,18,0,203.0,4.0,0.0,0.0,0.0,0
1030,2024-11-21 10:44:42,18,0,224.0,5.0,0.0,0.0,0.0,0
1031,2024-11-21 10:44:43,18,0,215.0,5.0,0.0,0.0,0.0,0
1032,2024-11-21 10:44:43,18,0,205.0,4.0,0.0,0.0,0.0,0
1033,2024-11-21 10:44:43,18,0,218.0,5.0,0.0,0.0,0.0,0
1034,2024-11-21 10:44:44,18,0,224.0,5.0,0.0,0.0,0.0,0
1035,2024-11-21 10:44:44,18,0,211.0,4.0,0.0,0.0,0.0,0
1036,2024-11-21 10:44:44,18,0,220.0,5.0,0.0,0.0,0.0,0
1037,2024-11-21 11:20:29,18,0,215.0,5.0,0.0,0.0,0.0,0
1038,2024-11-21 11:20:29,18,0,202.0,4.0,0.0,0.0,0.0,0
1039,2024-11-21 11:20:29,18,0,221.0,5.0,0.0,0.0,0.0,0
1040,2024-11-21 11:20:30,18,0,222.0,5.0,0.0,0.0,0.0,0
1041,2024-11-21 11:20:30,18,0,198.0,4.0,0.0,0.0,0.0,0
1042,2024-11-21 11:20:30,18,0,217.0,5.0,0.0,0.0,0.0,0
1043,2024-11-21 11:20:31,18,0,213.0,5.0,0.0,0.0,0.0,0
1044,2024-11-21 11:20:31,18,0,204.0,4.0,0.0,0.0,0.0,0
1045,2024-11-21 11:20:31,18,0,217.0,5.0,0.0,0.0,0.0,0
1046,2024-11-21 11:20:32,18,0,216.0,5.0,0.0,0.0,0.0,0
1047,2024-11-21 11:20:32,18,0,200.0,4.0,0.0,0.0,0.0,0
1048,2024-11-21 11:20:32,18,0,217.0,5.0,0.0,0.0,0.0,0
1049,2024-11-21 11:20:33,18,0,216.0,5.0,0.0,0.0,0.0,0
1050,2024-11-21 11:20:33,18,0,202.0,4.0,0.0,0.0,0.0,0
1051,2024-11-21 11:20:33,18,0,213.0,5.0,0.0,0.0,0.0,0
1052,2024-11-21 11:20:34,18,0,219.0,5.0,0.0,0.0,0.0,0
1053,2024-11-21 11:20:34,18,0,200.0,4.0,0.0,0.0,0.0,0
1054,2024-11-21 11:20:34,18,0,217.0,5.0,0.0,0.0,0.0,0
1055,2024-11-21 11:20:35,18,0,215.0,5.0,0.0,0.0,0.0,0
1056,2024-11-21 11:20:35,18,0,200.0,4.0,0.0,0.0,0.0,0
1057,2024-11-21 11:20:35,18,0,219.0,5.0,0.0,0.0,0.0,0
1058,2024-11-21 11:20:36,18,0,224.0,5.0,0.0,0.0,0.0,0
1059,2024-11-21 11:20:36,18,0,205.0,4.0,0.0,0.0,0.0,0
1060,2024-11-21 11:20:36,18,0,216.0,5.0,0.0,0.0,0.0,0
1061,2024-11-21 11:20:37,18,0,216.0,5.0,0.0,0.0,0.0,0
1062,2024-11-21 11:20:37,18,0,198.0,4.0,0.0,0.0,0.0,0
1063,2024-11-21 11:20:37,18,0,217.0,5.0,0.0,0.0,0.0,0
1064,2024-11-21 11:20:38,18,0,216.0,5.0,0.0,0.0,0.0,0
1065,2024-11-21 11:20:38,18,0,199.0,4.0,0.0,0.0,0.0,0
1066,2024-11-21 11:20:38,18,0,217.0,5.0,0.0,0.0,0.0,0
1067,2024-11-21 11:20:39,18,0,216.0,5.0,0.0,0.0,0.0,0
1068,2024-11-21 11:20:39,18,0,202.0,4.0,0.0,0.0,0.0,0
1069,2024-11-21 11:20:39,18,0,222.0,5.0,0.0,0.0,0.0,0
1070,2024-11-21 11:20:40,18,0,221.0,5.0,0.0,0.0,0.0,0
1071,2024-11-21 11:20:40,18,0,198.0,4.0,0.0,0.0,0.0,0
1072,2024-11-21 11:20:40,18,0,220.0,5.0,0.0,0.0,0.0,0
1073,2024-11-21 11:20:41,18,0,218.0,5.0,0.0,0.0,0.0,0
1074,2024-11-21 11:20:41,18,0,205.0,4.0,0.0,0.0,0.0,0
1075,2024-11-21 11:20:41,18,0,221.0,5.0,0.0,0.0,0.0,0
1076,2024-11-21 11:20:42,18,0,209.0,5.0,0.0,0.0,0.0,0
1077,2024-11-21 11:20:42,18,0,199.0,4.0,0.0,0.0,0.0,0
1078,2024-11-21 11:20:42,18,0,219.0,5.0,0.0,0.0,0.0,0
1079,2024-11-21 11:20:43,18,0,222.0,5.0,0.0,0.0,0.0,0
1080,2024-11-21 11:20:43,18,0,204.0,4.0,0.0,0.0,0.0,0
1081,2024-11-21 11:20:43,18,0,217.0,5.0,0.0,0.0,0.0,0
1082,2024-11-21 11:20:44,18,0,215.0,5.0,0.0,0.0,0.0,0
1083,2024-11-21 11:20:44,18,0,198.0,4.0,0.0,0.0,0.0,0
1084,2024-11-21 11:20:44,18,0,215.0,5.0,0.0,0.0,0.0,0
1085,2024-11-21 11:20:45,18,0,221.0,5.0,0.0,0.0,0.0,0
1086,2024-11-21 11:20:45,18,0,202.0,4.0,0.0,0.0,0.0,0
1087,2024-11-21 11:20:45,18,0,217.0,5.0,0.0,0.0,0.0,0
1088,2024-11-21 11:20:46,18,0,218.0,5.0,0.0,0.0,0.0,0
1089,2024-11-21 11:20:46,18,0,204.0,4.0,0.0,0.0,0.0,0
1090,2024-11-21 11:20:46,18,0,218.0,5.0,0.0,0.0,0.0,0
1091,2024-11-21 11:20:47,18,0,219.0,5.0,0.0,0.0,0.0,0
1092,2024-11-21 11:20:47,18,0,202.0,4.0,0.0,0.0,0.0,0
1093,2024-11-21 11:20:47,18,0,208.0,5.0,0.0,0.0,0.0,0
1094,2024-11-21 11:20:48,18,0,221.0,5.0,0.0,0.0,0.0,0
1095,2024-11-21 11:20:48,18,0,199.0,4.0,0.0,0.0,0.0,0
1096,2024-11-21 11:20:48,18,0,220.0,5.0,0.0,0.0,0.0,0
1097,2024-11-21 11:20:49,18,0,220.0,5.0,0.0,0.0,0.0,0
1098,2024-11-21 11:20:49,18,0,199.0,4.0,0.0,0.0,0.0,0
1099,2024-11-21 11:20:49,18,0,209.0,5.0,0.0,0.0,0.0,0
1100,2024-11-21 11:20:50,18,0,215.0,5.0,0.0,0.0,0.0,0
1101,2024-11-21 11:20:50,18,0,204.0,4.0,0.0,0.0,0.0,0
1102,2024-11-21 11:20:50,18,0,218.0,5.0,0.0,0.0,0.0,0
1103,2024-11-21 11:20:51,18,0,213.0,5.0,0.0,0.0,0.0,0
1104,2024-11-21 11:20:51,18,0,213.0,4.0,0.0,0.0,0.0,0
1105,2024-11-21 11:20:51,18,0,221.0,5.0,0.0,0.0,0.0,0
1106,2024-11-21 11:20:52,18,0,218.0,5.0,0.0,0.0,0.0,0
1107,2024-11-21 11:20:52,18,0,202.0,4.0,0.0,0.0,0.0,0
1108,2024-11-21 11:20:52,18,0,219.0,5.0,0.0,0.0,0.0,0
1109,2024-11-21 11:20:53,18,0,221.0,5.0,0.0,0.0,0.0,0
1110,2024-11-21 11:20:53,18,0,199.0,4.0,0.0,0.0,0.0,0
1111,2024-11-21 11:20:53,18,0,215.0,5.0,0.0,0.0,0.0,0
1112,2024-11-21 11:20:54,18,0,219.0,5.0,0.0,0.0,0.0,0
1113,2024-11-21 11:20:54,18,0,204.0,4.0,0.0,0.0,0.0,0
1114,2024-11-21 11:20:54,18,0,220.0,5.0,0.0,0.0,0.0,0
1115,2024-11-21 11:20:55,18,0,220.0,5.0,0.0,0.0,0.0,0
1116,2024-11-21 11:20:55,18,0,209.0,4.0,0.0,0.0,0.0,0
1117,2024-11-21 11:20:55,18,0,216.0,5.0,0.0,0.0,0.0,0
1118,2024-11-21 11:20:56,18,0,218.0,5.0,0.0,0.0,0.0,0
1119,2024-11-21 11:20:56,18,0,202.0,4.0,0.0,0.0,0.0,0
1120,2024-11-21 11:20:56,18,0,217.0,5.0,0.0,0.0,0.0,0
1121,2024-11-21 11:20:57,18,0,215.0,5.0,0.0,0.0,0.0,0
1122,2024-11-21 11:20:57,18,0,206.0,4.0,0.0,0.0,0.0,0
1123,2024-11-21 11:20:57,18,0,221.0,5.0,0.0,0.0,0.0,0
1124,2024-11-21 11:20:58,18,0,218.0,5.0,0.0,0.0,0.0,0
1125,2024-11-21 11:20:58,18,0,206.0,4.0,0.0,0.0,0.0,0
1126,2024-11-21 11:20:58,18,0,217.0,5.0,0.0,0.0,0.0,0
1127,2024-11-21 11:20:59,18,0,222.0,5.0,0.0,0.0,0.0,0
1128,2024-11-21 11:20:59,18,0,205.0,4.0,0.0,0.0,0.0,0
1129,2024-11-21 11:20:59,18,0,224.0,5.0,0.0,0.0,0.0,0
1130,2024-11-21 11:21:00,18,0,214.0,5.0,0.0,0.0,0.0,0
1131,2024-11-21 11:21:00,18,0,204.0,4.0,0.0,0.0,0.0,0
1132,2024-11-21 11:21:00,18,0,219.0,5.0,0.0,0.0,0.0,0
1133,2024-11-21 11:21:01,18,0,219.0,5.0,0.0,0.0,0.0,0
1134,2024-11-21 11:21:01,18,0,206.0,4.0,0.0,0.0,0.0,0
1135,2024-11-21 11:21:01,18,0,221.0,5.0,0.0,0.0,0.0,0
1136,2024-11-21 11:21:02,18,0,220.0,5.0,0.0,0.0,0.0,0
1137,2024-11-21 11:21:02,18,0,201.0,4.0,0.0,0.0,0.0,0
1138,2024-11-21 11:21:02,18,0,217.0,5.0,0.0,0.0,0.0,0
1139,2024-11-21 11:21:03,18,0,222.0,5.0,0.0,0.0,0.0,0
1140,2024-11-21 11:21:03,18,0,208.0,4.0,0.0,0.0,0.0,0
1141,2024-11-21 11:21:03,18,0,222.0,5.0,0.0,0.0,0.0,0
1142,2024-11-21 11:21:04,18,0,219.0,5.0,0.0,0.0,0.0,0
1143,2024-11-21 11:21:04,18,0,207.0,4.0,0.0,0.0,0.0,0
1144,2024-11-21 11:21:04,18,0,215.0,5.0,0.0,0.0,0.0,0
1145,2024-11-21 11:21:05,18,0,215.0,5.0,0.0,0.0,0.0,0
1146,2024-11-21 11:21:05,18,0,206.0,4.0,0.0,0.0,0.0,0
1147,2024-11-21 11:21:05,18,0,219.0,5.0,0.0,0.0,0.0,0
1148,2024-11-21 11:21:06,18,0,218.0,5.0,0.0,0.0,0.0,0
1149,2024-11-21 11:21:06,18,0,198.0,4.0,0.0,0.0,0.0,0
1150,2024-11-21 11:21:06,18,0,215.0,5.0,0.0,0.0,0.0,0
1151,2024-11-21 11:21:07,18,0,218.0,5.0,0.0,0.0,0.0,0
1152,2024-11-21 11:21:07,18,0,202.0,4.0,0.0,0.0,0.0,0
1153,2024-11-21 11:21:07,18,0,218.0,5.0,0.0,0.0,0.0,0
1154,2024-11-21 11:21:21,18,0,216.0,5.0,0.0,0.0,0.0,0
1155,2024-11-21 11:21:21,18,0,200.0,4.0,0.0,0.0,0.0,0
1156,2024-11-21 11:21:21,18,0,215.0,5.0,0.0,0.0,0.0,0
1157,2024-11-21 11:21:22,18,0,217.0,5.0,0.0,0.0,0.0,0
1158,2024-11-21 11:21:22,18,0,206.0,4.0,0.0,0.0,0.0,0
1159,2024-11-21 11:21:22,18,0,222.0,5.0,0.0,0.0,0.0,0
1160,2024-11-21 11:21:23,18,0,216.0,5.0,0.0,0.0,0.0,0
1161,2024-11-21 11:21:23,18,0,208.0,4.0,0.0,0.0,0.0,0
1162,2024-11-21 11:21:23,18,0,217.0,5.0,0.0,0.0,0.0,0
1163,2024-11-21 11:21:24,18,0,220.0,5.0,0.0,0.0,0.0,0
1164,2024-11-21 11:21:24,18,0,206.0,4.0,0.0,0.0,0.0,0
1165,2024-11-21 11:21:24,18,0,222.0,5.0,0.0,0.0,0.0,0
1166,2024-11-21 11:21:25,18,0,219.0,5.0,0.0,0.0,0.0,0
1167,2024-11-21 11:21:25,18,0,202.0,4.0,0.0,0.0,0.0,0
1168,2024-11-21 11:21:25,18,0,218.0,5.0,0.0,0.0,0.0,0
1169,2024-11-21 11:21:26,18,0,221.0,5.0,0.0,0.0,0.0,0
1170,2024-11-21 11:21:26,18,0,201.0,4.0,0.0,0.0,0.0,0
1171,2024-11-21 11:21:26,18,0,221.0,5.0,0.0,0.0,0.0,0
1172,2024-11-21 11:21:27,18,0,216.0,5.0,0.0,0.0,0.0,0
1173,2024-11-21 11:21:27,18,0,209.0,4.0,0.0,0.0,0.0,0
1174,2024-11-21 11:21:27,18,0,220.0,5.0,0.0,0.0,0.0,0
1175,2024-11-21 11:21:28,18,0,222.0,5.0,0.0,0.0,0.0,0
1176,2024-11-21 11:21:28,18,0,205.0,4.0,0.0,0.0,0.0,0
1177,2024-11-21 11:21:28,18,0,219.0,5.0,0.0,0.0,0.0,0
1178,2024-11-21 11:21:29,18,0,220.0,5.0,0.0,0.0,0.0,0
1179,2024-11-21 11:21:29,18,0,204.0,4.0,0.0,0.0,0.0,0
1180,2024-11-21 11:21:29,18,0,217.0,5.0,0.0,0.0,0.0,0
1181,2024-11-21 11:21:30,18,0,216.0,5.0,0.0,0.0,0.0,0
1182,2024-11-21 11:21:30,18,0,198.0,4.0,0.0,0.0,0.0,0
1183,2024-11-21 11:21:30,18,0,222.0,5.0,0.0,0.0,0.0,0
1184,2024-11-21 11:21:31,18,0,223.0,5.0,0.0,0.0,0.0,0
1185,2024-11-21 11:21:31,18,0,205.0,4.0,0.0,0.0,0.0,0
1186,2024-11-21 11:21:31,18,0,213.0,5.0,0.0,0.0,0.0,0
